Date,Item,Text,Source,Chapter,Verse(s)
1-Feb-26,Scripture,I can do all this through him who gives me strength.,Philippians,4.0,13
1-Feb-26,Proverb,"My son, if sinful men entice you, do not give in to them",Proverbs,1.0,10
1-Feb-26,Psalm,"For the Lord watches over the way of the righteous, but the way of the wicked leads to destruction.",Psalm,1.0,6
1-Feb-26,Word,Take No Ones Word For it.,Nullius in verba,,
1-Feb-26,Quote,You are what your record says you are., Bill Parcells,,
7-Feb-26,Scripture,"There is nothing covered that will not be revealed, and hidden that will not be known.",Matthew,10.0,26
7-Feb-26,Proverb,For the Lord gives wisdom; from his mouth come knowledge and understanding.,Proverbs,2.0,6
7-Feb-26,Psalm,"For the Lord watches over the way of the righteous, but the way of the wicked leads to destruction.",Psalm,1.0,6
7-Feb-26,Word,"Fully predictable—given the same inputs, the outcome is always the same",Deterministic,,
7-Feb-26,Quote,Your career is what you’re paid to do; your calling is what you’re made to do,Howard Hendricks,,
8-Feb-26,Scripture,"Be alert and of sober mind. Your enemy the devil prowls around like a roaring lion looking for someone to devour. Resist him, standing firm in the faith, because you know that the family of believers throughout the world is undergoing the same kind of sufferings",1 Peter,5.0,8:9
8-Feb-26,Proverb,"Wisdom will save you from the ways of wicked men, from men whose words are perverse,",Proverbs,2.0,12
8-Feb-26,Psalm,From the Lord comes deliverance. May your blessing be on your people.,Psalm,3.0,8
8-Feb-26,Word,Randomly determined; having a random probability distribution or pattern that may be analyzed statistically but may not be predicted precisely.,Stochastic,,
8-Feb-26,Quote,"Want and Ignorance, Man's forgotten children that must be avoided, especially Want.",Ghost of Christmas Future,,
9-Feb-26,Scripture,,,,
9-Feb-26,Proverb,"My son, if you accept my words and store up my commands within you, turning your ear to wisdom and applying your heart to understanding  indeed, if you call out for insight and cry aloud for understanding, and if you look for it as for silver and search for it as for hidden treasure, then you will understand the fear of the Lord and find the knowledge of God.",Proverbs,2.0,1:5
9-Feb-26,Psalm,,,,
9-Feb-26,Word,"The process uses randomness, but once the random seed and inputs are fixed, the outcome is fully determined and repeatable.",Deterministic stochastic process,,
9-Feb-26,Quote,"Life is a storm, you will bask in the sunlight one moment, shattered on the rocks the next. What makes you a man is what you do when the storm comes. You must look into that storm and shout you must do your worst for I will do mine, then the fates will know you as we know you.",Edmond Dantès,,
10-Feb-26,Scripture,,,,
10-Feb-26,Proverb,,,,
10-Feb-26,Psalm,,,,
10-Feb-26,Word,"of, relating to, or forming a canon; canonical scriptures. 2. conforming to a general rule or acceptable procedure",Canonical,,
10-Feb-26,Quote,"My fear is not that you would fail, but that you will succeed in doing the wrong thing",Howard Hendricks,,
11-Feb-26,Scripture,,,,
11-Feb-26,Proverb,,,,
11-Feb-26,Psalm,,,,
11-Feb-26,Word,Carried out with a minimum of effort or reflection.,Perfunctory,,
11-Feb-26,Quote,A horse that counts to ten is a remarkable horse not a remarkable mathematician,Samuel Johnson,,
12-Feb-26,Scripture,,,,
12-Feb-26,Proverb,,,,
12-Feb-26,Psalm,,,,
12-Feb-26,Word,"Excessively concerned with formal rules, details, or book learning, often in a way that misses the bigger picture or makes communication rigid or nitpicky",Pedantic,,
12-Feb-26,Quote,,,,
13-Feb-26,Scripture,,,,
13-Feb-26,Proverb,,,,
13-Feb-26,Psalm,,,,
13-Feb-26,Word,Characterized by vulgar or pretentious display.,Ostentatious,,
13-Feb-26,Quote,,,,
14-Feb-26,Scripture,,,,
14-Feb-26,Proverb,,,,
14-Feb-26,Psalm,,,,
14-Feb-26,Word,Expressed clearly; easy to understand.,Lucid,,
14-Feb-26,Quote,,,,
15-Feb-26,Scripture,,,,
15-Feb-26,Proverb,,,,
15-Feb-26,Psalm,,,,
15-Feb-26,Word,,,,
15-Feb-26,Quote,,,,
16-Feb-26,Scripture,,,,
16-Feb-26,Proverb,,,,
16-Feb-26,Psalm,,,,
16-Feb-26,Word,,,,
16-Feb-26,Quote,,,,
17-Feb-26,Scripture,,,,
17-Feb-26,Proverb,,,,
17-Feb-26,Psalm,,,,
17-Feb-26,Word,,,,
17-Feb-26,Quote,,,,
18-Feb-26,Scripture,,,,
18-Feb-26,Proverb,,,,
18-Feb-26,Psalm,,,,
18-Feb-26,Word,,,,
18-Feb-26,Quote,,,,
19-Feb-26,Scripture,,,,
19-Feb-26,Proverb,,,,
19-Feb-26,Psalm,,,,
19-Feb-26,Word,,,,
19-Feb-26,Quote,,,,
20-Feb-26,Scripture,,,,
20-Feb-26,Proverb,,,,
20-Feb-26,Psalm,,,,
20-Feb-26,Word,,,,
20-Feb-26,Quote,,,,
21-Feb-26,Scripture,,,,
21-Feb-26,Proverb,,,,
21-Feb-26,Psalm,,,,
21-Feb-26,Word,,,,
21-Feb-26,Quote,,,,
22-Feb-26,Scripture,,,,
22-Feb-26,Proverb,,,,
22-Feb-26,Psalm,,,,
22-Feb-26,Word,,,,
22-Feb-26,Quote,,,,
23-Feb-26,Scripture,,,,
23-Feb-26,Proverb,,,,
23-Feb-26,Psalm,,,,
23-Feb-26,Word,,,,
23-Feb-26,Quote,,,,
24-Feb-26,Scripture,,,,
24-Feb-26,Proverb,,,,
24-Feb-26,Psalm,,,,
24-Feb-26,Word,,,,
24-Feb-26,Quote,,,,
25-Feb-26,Scripture,,,,
25-Feb-26,Proverb,,,,
25-Feb-26,Psalm,,,,
25-Feb-26,Word,,,,
25-Feb-26,Quote,,,,
26-Feb-26,Scripture,,,,
26-Feb-26,Proverb,,,,
26-Feb-26,Psalm,,,,
26-Feb-26,Word,,,,
26-Feb-26,Quote,,,,
27-Feb-26,Scripture,,,,
27-Feb-26,Proverb,,,,
27-Feb-26,Psalm,,,,
27-Feb-26,Word,,,,
27-Feb-26,Quote,,,,
28-Feb-26,Scripture,,,,
28-Feb-26,Proverb,,,,
28-Feb-26,Psalm,,,,
28-Feb-26,Word,,,,
28-Feb-26,Quote,,,,
1-Mar-26,Scripture,,,,
1-Mar-26,Proverb,,,,
1-Mar-26,Psalm,,,,
1-Mar-26,Word,,,,
1-Mar-26,Quote,,,,
2-Mar-26,Scripture,,,,
2-Mar-26,Proverb,,,,
2-Mar-26,Psalm,,,,
2-Mar-26,Word,,,,
2-Mar-26,Quote,,,,
3-Mar-26,Scripture,,,,
3-Mar-26,Proverb,,,,
3-Mar-26,Psalm,,,,
3-Mar-26,Word,,,,
3-Mar-26,Quote,,,,
4-Mar-26,Scripture,,,,
4-Mar-26,Proverb,,,,
4-Mar-26,Psalm,,,,
4-Mar-26,Word,,,,
4-Mar-26,Quote,,,,
5-Mar-26,Scripture,,,,
5-Mar-26,Proverb,,,,
5-Mar-26,Psalm,,,,
5-Mar-26,Word,,,,
5-Mar-26,Quote,,,,
6-Mar-26,Scripture,,,,
6-Mar-26,Proverb,,,,
6-Mar-26,Psalm,,,,
6-Mar-26,Word,,,,
6-Mar-26,Quote,,,,
7-Mar-26,Scripture,,,,
7-Mar-26,Proverb,,,,
7-Mar-26,Psalm,,,,
7-Mar-26,Word,,,,
7-Mar-26,Quote,,,,
8-Mar-26,Scripture,,,,
8-Mar-26,Proverb,,,,
8-Mar-26,Psalm,,,,
8-Mar-26,Word,,,,
8-Mar-26,Quote,,,,
9-Mar-26,Scripture,,,,
9-Mar-26,Proverb,,,,
9-Mar-26,Psalm,,,,
9-Mar-26,Word,,,,
9-Mar-26,Quote,,,,
10-Mar-26,Scripture,,,,
10-Mar-26,Proverb,,,,
10-Mar-26,Psalm,,,,
10-Mar-26,Word,,,,
10-Mar-26,Quote,,,,
11-Mar-26,Scripture,,,,
11-Mar-26,Proverb,,,,
11-Mar-26,Psalm,,,,
11-Mar-26,Word,,,,
11-Mar-26,Quote,,,,
12-Mar-26,Scripture,,,,
12-Mar-26,Proverb,,,,
12-Mar-26,Psalm,,,,
12-Mar-26,Word,,,,
12-Mar-26,Quote,,,,
13-Mar-26,Scripture,,,,
13-Mar-26,Proverb,,,,
13-Mar-26,Psalm,,,,
13-Mar-26,Word,,,,
13-Mar-26,Quote,,,,
14-Mar-26,Scripture,,,,
14-Mar-26,Proverb,,,,
14-Mar-26,Psalm,,,,
14-Mar-26,Word,,,,
14-Mar-26,Quote,,,,
15-Mar-26,Scripture,,,,
15-Mar-26,Proverb,,,,
15-Mar-26,Psalm,,,,
15-Mar-26,Word,,,,
15-Mar-26,Quote,,,,
16-Mar-26,Scripture,,,,
16-Mar-26,Proverb,,,,
16-Mar-26,Psalm,,,,
16-Mar-26,Word,,,,
16-Mar-26,Quote,,,,
17-Mar-26,Scripture,,,,
17-Mar-26,Proverb,,,,
17-Mar-26,Psalm,,,,
17-Mar-26,Word,,,,
17-Mar-26,Quote,,,,
18-Mar-26,Scripture,,,,
18-Mar-26,Proverb,,,,
18-Mar-26,Psalm,,,,
18-Mar-26,Word,,,,
18-Mar-26,Quote,,,,
19-Mar-26,Scripture,,,,
19-Mar-26,Proverb,,,,
19-Mar-26,Psalm,,,,
19-Mar-26,Word,,,,
19-Mar-26,Quote,,,,
20-Mar-26,Scripture,,,,
20-Mar-26,Proverb,,,,
20-Mar-26,Psalm,,,,
20-Mar-26,Word,,,,
20-Mar-26,Quote,,,,
21-Mar-26,Scripture,,,,
21-Mar-26,Proverb,,,,
21-Mar-26,Psalm,,,,
21-Mar-26,Word,,,,
21-Mar-26,Quote,,,,
22-Mar-26,Scripture,,,,
22-Mar-26,Proverb,,,,
22-Mar-26,Psalm,,,,
22-Mar-26,Word,,,,
22-Mar-26,Quote,,,,
23-Mar-26,Scripture,,,,
23-Mar-26,Proverb,,,,
23-Mar-26,Psalm,,,,
23-Mar-26,Word,,,,
23-Mar-26,Quote,,,,
24-Mar-26,Scripture,,,,
24-Mar-26,Proverb,,,,
24-Mar-26,Psalm,,,,
24-Mar-26,Word,,,,
24-Mar-26,Quote,,,,
25-Mar-26,Scripture,,,,
25-Mar-26,Proverb,,,,
25-Mar-26,Psalm,,,,
25-Mar-26,Word,,,,
25-Mar-26,Quote,,,,
26-Mar-26,Scripture,,,,
26-Mar-26,Proverb,,,,
26-Mar-26,Psalm,,,,
26-Mar-26,Word,,,,
26-Mar-26,Quote,,,,
27-Mar-26,Scripture,,,,
27-Mar-26,Proverb,,,,
27-Mar-26,Psalm,,,,
27-Mar-26,Word,,,,
27-Mar-26,Quote,,,,
28-Mar-26,Scripture,,,,
28-Mar-26,Proverb,,,,
28-Mar-26,Psalm,,,,
28-Mar-26,Word,,,,
28-Mar-26,Quote,,,,
29-Mar-26,Scripture,,,,
29-Mar-26,Proverb,,,,
29-Mar-26,Psalm,,,,
29-Mar-26,Word,,,,
29-Mar-26,Quote,,,,
30-Mar-26,Scripture,,,,
30-Mar-26,Proverb,,,,
30-Mar-26,Psalm,,,,
30-Mar-26,Word,,,,
30-Mar-26,Quote,,,,
31-Mar-26,Scripture,,,,
31-Mar-26,Proverb,,,,
31-Mar-26,Psalm,,,,
31-Mar-26,Word,,,,
31-Mar-26,Quote,,,,
1-Apr-26,Scripture,,,,
1-Apr-26,Proverb,,,,
1-Apr-26,Psalm,,,,
1-Apr-26,Word,,,,
1-Apr-26,Quote,,,,
2-Apr-26,Scripture,,,,
2-Apr-26,Proverb,,,,
2-Apr-26,Psalm,,,,
2-Apr-26,Word,,,,
2-Apr-26,Quote,,,,
3-Apr-26,Scripture,,,,
3-Apr-26,Proverb,,,,
3-Apr-26,Psalm,,,,
3-Apr-26,Word,,,,
3-Apr-26,Quote,,,,
4-Apr-26,Scripture,,,,
4-Apr-26,Proverb,,,,
4-Apr-26,Psalm,,,,
4-Apr-26,Word,,,,
4-Apr-26,Quote,,,,
5-Apr-26,Scripture,,,,
5-Apr-26,Proverb,,,,
5-Apr-26,Psalm,,,,
5-Apr-26,Word,,,,
5-Apr-26,Quote,,,,
6-Apr-26,Scripture,,,,
6-Apr-26,Proverb,,,,
6-Apr-26,Psalm,,,,
6-Apr-26,Word,,,,
6-Apr-26,Quote,,,,
7-Apr-26,Scripture,,,,
7-Apr-26,Proverb,,,,
7-Apr-26,Psalm,,,,
7-Apr-26,Word,,,,
7-Apr-26,Quote,,,,
8-Apr-26,Scripture,,,,
8-Apr-26,Proverb,,,,
8-Apr-26,Psalm,,,,
8-Apr-26,Word,,,,
8-Apr-26,Quote,,,,
9-Apr-26,Scripture,,,,
9-Apr-26,Proverb,,,,
9-Apr-26,Psalm,,,,
9-Apr-26,Word,,,,
9-Apr-26,Quote,,,,
10-Apr-26,Scripture,,,,
10-Apr-26,Proverb,,,,
10-Apr-26,Psalm,,,,
10-Apr-26,Word,,,,
10-Apr-26,Quote,,,,
11-Apr-26,Scripture,,,,
11-Apr-26,Proverb,,,,
11-Apr-26,Psalm,,,,
11-Apr-26,Word,,,,
11-Apr-26,Quote,,,,
12-Apr-26,Scripture,,,,
12-Apr-26,Proverb,,,,
12-Apr-26,Psalm,,,,
12-Apr-26,Word,,,,
12-Apr-26,Quote,,,,
13-Apr-26,Scripture,,,,
13-Apr-26,Proverb,,,,
13-Apr-26,Psalm,,,,
13-Apr-26,Word,,,,
13-Apr-26,Quote,,,,
14-Apr-26,Scripture,,,,
14-Apr-26,Proverb,,,,
14-Apr-26,Psalm,,,,
14-Apr-26,Word,,,,
14-Apr-26,Quote,,,,
15-Apr-26,Scripture,,,,
15-Apr-26,Proverb,,,,
15-Apr-26,Psalm,,,,
15-Apr-26,Word,,,,
15-Apr-26,Quote,,,,
16-Apr-26,Scripture,,,,
16-Apr-26,Proverb,,,,
16-Apr-26,Psalm,,,,
16-Apr-26,Word,,,,
16-Apr-26,Quote,,,,
17-Apr-26,Scripture,,,,
17-Apr-26,Proverb,,,,
17-Apr-26,Psalm,,,,
17-Apr-26,Word,,,,
17-Apr-26,Quote,,,,
18-Apr-26,Scripture,,,,
18-Apr-26,Proverb,,,,
18-Apr-26,Psalm,,,,
18-Apr-26,Word,,,,
18-Apr-26,Quote,,,,
19-Apr-26,Scripture,,,,
19-Apr-26,Proverb,,,,
19-Apr-26,Psalm,,,,
19-Apr-26,Word,,,,
19-Apr-26,Quote,,,,
20-Apr-26,Scripture,,,,
20-Apr-26,Proverb,,,,
20-Apr-26,Psalm,,,,
20-Apr-26,Word,,,,
20-Apr-26,Quote,,,,
21-Apr-26,Scripture,,,,
21-Apr-26,Proverb,,,,
21-Apr-26,Psalm,,,,
21-Apr-26,Word,,,,
21-Apr-26,Quote,,,,
22-Apr-26,Scripture,,,,
22-Apr-26,Proverb,,,,
22-Apr-26,Psalm,,,,
22-Apr-26,Word,,,,
22-Apr-26,Quote,,,,
23-Apr-26,Scripture,,,,
23-Apr-26,Proverb,,,,
23-Apr-26,Psalm,,,,
23-Apr-26,Word,,,,
23-Apr-26,Quote,,,,
24-Apr-26,Scripture,,,,
24-Apr-26,Proverb,,,,
24-Apr-26,Psalm,,,,
24-Apr-26,Word,,,,
24-Apr-26,Quote,,,,
25-Apr-26,Scripture,,,,
25-Apr-26,Proverb,,,,
25-Apr-26,Psalm,,,,
25-Apr-26,Word,,,,
25-Apr-26,Quote,,,,
26-Apr-26,Scripture,,,,
26-Apr-26,Proverb,,,,
26-Apr-26,Psalm,,,,
26-Apr-26,Word,,,,
26-Apr-26,Quote,,,,
27-Apr-26,Scripture,,,,
27-Apr-26,Proverb,,,,
27-Apr-26,Psalm,,,,
27-Apr-26,Word,,,,
27-Apr-26,Quote,,,,
28-Apr-26,Scripture,,,,
28-Apr-26,Proverb,,,,
28-Apr-26,Psalm,,,,
28-Apr-26,Word,,,,
28-Apr-26,Quote,,,,
29-Apr-26,Scripture,,,,
29-Apr-26,Proverb,,,,
29-Apr-26,Psalm,,,,
29-Apr-26,Word,,,,
29-Apr-26,Quote,,,,
30-Apr-26,Scripture,,,,
30-Apr-26,Proverb,,,,
30-Apr-26,Psalm,,,,
30-Apr-26,Word,,,,
30-Apr-26,Quote,,,,
1-May-26,Scripture,,,,
1-May-26,Proverb,,,,
1-May-26,Psalm,,,,
1-May-26,Word,,,,
1-May-26,Quote,,,,
2-May-26,Scripture,,,,
2-May-26,Proverb,,,,
2-May-26,Psalm,,,,
2-May-26,Word,,,,
2-May-26,Quote,,,,
3-May-26,Scripture,,,,
3-May-26,Proverb,,,,
3-May-26,Psalm,,,,
3-May-26,Word,,,,
3-May-26,Quote,,,,
4-May-26,Scripture,,,,
4-May-26,Proverb,,,,
4-May-26,Psalm,,,,
4-May-26,Word,,,,
4-May-26,Quote,,,,
5-May-26,Scripture,,,,
5-May-26,Proverb,,,,
5-May-26,Psalm,,,,
5-May-26,Word,,,,
5-May-26,Quote,,,,
6-May-26,Scripture,,,,
6-May-26,Proverb,,,,
6-May-26,Psalm,,,,
6-May-26,Word,,,,
6-May-26,Quote,,,,
7-May-26,Scripture,,,,
7-May-26,Proverb,,,,
7-May-26,Psalm,,,,
7-May-26,Word,,,,
7-May-26,Quote,,,,
8-May-26,Scripture,,,,
8-May-26,Proverb,,,,
8-May-26,Psalm,,,,
8-May-26,Word,,,,
8-May-26,Quote,,,,
9-May-26,Scripture,,,,
9-May-26,Proverb,,,,
9-May-26,Psalm,,,,
9-May-26,Word,,,,
9-May-26,Quote,,,,
10-May-26,Scripture,,,,
10-May-26,Proverb,,,,
10-May-26,Psalm,,,,
10-May-26,Word,,,,
10-May-26,Quote,,,,
11-May-26,Scripture,,,,
11-May-26,Proverb,,,,
11-May-26,Psalm,,,,
11-May-26,Word,,,,
11-May-26,Quote,,,,
12-May-26,Scripture,,,,
12-May-26,Proverb,,,,
12-May-26,Psalm,,,,
12-May-26,Word,,,,
12-May-26,Quote,,,,
13-May-26,Scripture,,,,
13-May-26,Proverb,,,,
13-May-26,Psalm,,,,
13-May-26,Word,,,,
13-May-26,Quote,,,,
14-May-26,Scripture,,,,
14-May-26,Proverb,,,,
14-May-26,Psalm,,,,
14-May-26,Word,,,,
14-May-26,Quote,,,,
15-May-26,Scripture,,,,
15-May-26,Proverb,,,,
15-May-26,Psalm,,,,
15-May-26,Word,,,,
15-May-26,Quote,,,,
16-May-26,Scripture,,,,
16-May-26,Proverb,,,,
16-May-26,Psalm,,,,
16-May-26,Word,,,,
16-May-26,Quote,,,,
17-May-26,Scripture,,,,
17-May-26,Proverb,,,,
17-May-26,Psalm,,,,
17-May-26,Word,,,,
17-May-26,Quote,,,,
18-May-26,Scripture,,,,
18-May-26,Proverb,,,,
18-May-26,Psalm,,,,
18-May-26,Word,,,,
18-May-26,Quote,,,,
19-May-26,Scripture,,,,
19-May-26,Proverb,,,,
19-May-26,Psalm,,,,
19-May-26,Word,,,,
19-May-26,Quote,,,,
20-May-26,Scripture,,,,
20-May-26,Proverb,,,,
20-May-26,Psalm,,,,
20-May-26,Word,,,,
20-May-26,Quote,,,,
21-May-26,Scripture,,,,
21-May-26,Proverb,,,,
21-May-26,Psalm,,,,
21-May-26,Word,,,,
21-May-26,Quote,,,,
22-May-26,Scripture,,,,
22-May-26,Proverb,,,,
22-May-26,Psalm,,,,
22-May-26,Word,,,,
22-May-26,Quote,,,,
23-May-26,Scripture,,,,
23-May-26,Proverb,,,,
23-May-26,Psalm,,,,
23-May-26,Word,,,,
23-May-26,Quote,,,,
24-May-26,Scripture,,,,
24-May-26,Proverb,,,,
24-May-26,Psalm,,,,
24-May-26,Word,,,,
24-May-26,Quote,,,,
25-May-26,Scripture,,,,
25-May-26,Proverb,,,,
25-May-26,Psalm,,,,
25-May-26,Word,,,,
25-May-26,Quote,,,,
26-May-26,Scripture,,,,
26-May-26,Proverb,,,,
26-May-26,Psalm,,,,
26-May-26,Word,,,,
26-May-26,Quote,,,,
27-May-26,Scripture,,,,
27-May-26,Proverb,,,,
27-May-26,Psalm,,,,
27-May-26,Word,,,,
27-May-26,Quote,,,,
28-May-26,Scripture,,,,
28-May-26,Proverb,,,,
28-May-26,Psalm,,,,
28-May-26,Word,,,,
28-May-26,Quote,,,,
29-May-26,Scripture,,,,
29-May-26,Proverb,,,,
29-May-26,Psalm,,,,
29-May-26,Word,,,,
29-May-26,Quote,,,,
30-May-26,Scripture,,,,
30-May-26,Proverb,,,,
30-May-26,Psalm,,,,
30-May-26,Word,,,,
30-May-26,Quote,,,,
31-May-26,Scripture,,,,
31-May-26,Proverb,,,,
31-May-26,Psalm,,,,
31-May-26,Word,,,,
31-May-26,Quote,,,,
1-Jun-26,Scripture,,,,
1-Jun-26,Proverb,,,,
1-Jun-26,Psalm,,,,
1-Jun-26,Word,,,,
1-Jun-26,Quote,,,,
2-Jun-26,Scripture,,,,
2-Jun-26,Proverb,,,,
2-Jun-26,Psalm,,,,
2-Jun-26,Word,,,,
2-Jun-26,Quote,,,,
3-Jun-26,Scripture,,,,
3-Jun-26,Proverb,,,,
3-Jun-26,Psalm,,,,
3-Jun-26,Word,,,,
3-Jun-26,Quote,,,,
4-Jun-26,Scripture,,,,
4-Jun-26,Proverb,,,,
4-Jun-26,Psalm,,,,
4-Jun-26,Word,,,,
4-Jun-26,Quote,,,,
5-Jun-26,Scripture,,,,
5-Jun-26,Proverb,,,,
5-Jun-26,Psalm,,,,
5-Jun-26,Word,,,,
5-Jun-26,Quote,,,,
6-Jun-26,Scripture,,,,
6-Jun-26,Proverb,,,,
6-Jun-26,Psalm,,,,
6-Jun-26,Word,,,,
6-Jun-26,Quote,,,,
7-Jun-26,Scripture,,,,
7-Jun-26,Proverb,,,,
7-Jun-26,Psalm,,,,
7-Jun-26,Word,,,,
7-Jun-26,Quote,,,,
8-Jun-26,Scripture,,,,
8-Jun-26,Proverb,,,,
8-Jun-26,Psalm,,,,
8-Jun-26,Word,,,,
8-Jun-26,Quote,,,,
9-Jun-26,Scripture,,,,
9-Jun-26,Proverb,,,,
9-Jun-26,Psalm,,,,
9-Jun-26,Word,,,,
9-Jun-26,Quote,,,,
10-Jun-26,Scripture,,,,
10-Jun-26,Proverb,,,,
10-Jun-26,Psalm,,,,
10-Jun-26,Word,,,,
10-Jun-26,Quote,,,,
11-Jun-26,Scripture,,,,
11-Jun-26,Proverb,,,,
11-Jun-26,Psalm,,,,
11-Jun-26,Word,,,,
11-Jun-26,Quote,,,,
12-Jun-26,Scripture,,,,
12-Jun-26,Proverb,,,,
12-Jun-26,Psalm,,,,
12-Jun-26,Word,,,,
12-Jun-26,Quote,,,,
13-Jun-26,Scripture,,,,
13-Jun-26,Proverb,,,,
13-Jun-26,Psalm,,,,
13-Jun-26,Word,,,,
13-Jun-26,Quote,,,,
14-Jun-26,Scripture,,,,
14-Jun-26,Proverb,,,,
14-Jun-26,Psalm,,,,
14-Jun-26,Word,,,,
14-Jun-26,Quote,,,,
15-Jun-26,Scripture,,,,
15-Jun-26,Proverb,,,,
15-Jun-26,Psalm,,,,
15-Jun-26,Word,,,,
15-Jun-26,Quote,,,,
16-Jun-26,Scripture,,,,
16-Jun-26,Proverb,,,,
16-Jun-26,Psalm,,,,
16-Jun-26,Word,,,,
16-Jun-26,Quote,,,,
17-Jun-26,Scripture,,,,
17-Jun-26,Proverb,,,,
17-Jun-26,Psalm,,,,
17-Jun-26,Word,,,,
17-Jun-26,Quote,,,,
18-Jun-26,Scripture,,,,
18-Jun-26,Proverb,,,,
18-Jun-26,Psalm,,,,
18-Jun-26,Word,,,,
18-Jun-26,Quote,,,,
19-Jun-26,Scripture,,,,
19-Jun-26,Proverb,,,,
19-Jun-26,Psalm,,,,
19-Jun-26,Word,,,,
19-Jun-26,Quote,,,,
20-Jun-26,Scripture,,,,
20-Jun-26,Proverb,,,,
20-Jun-26,Psalm,,,,
20-Jun-26,Word,,,,
20-Jun-26,Quote,,,,
21-Jun-26,Scripture,,,,
21-Jun-26,Proverb,,,,
21-Jun-26,Psalm,,,,
21-Jun-26,Word,,,,
21-Jun-26,Quote,,,,
22-Jun-26,Scripture,,,,
22-Jun-26,Proverb,,,,
22-Jun-26,Psalm,,,,
22-Jun-26,Word,,,,
22-Jun-26,Quote,,,,
23-Jun-26,Scripture,,,,
23-Jun-26,Proverb,,,,
23-Jun-26,Psalm,,,,
23-Jun-26,Word,,,,
23-Jun-26,Quote,,,,
24-Jun-26,Scripture,,,,
24-Jun-26,Proverb,,,,
24-Jun-26,Psalm,,,,
24-Jun-26,Word,,,,
24-Jun-26,Quote,,,,
25-Jun-26,Scripture,,,,
25-Jun-26,Proverb,,,,
25-Jun-26,Psalm,,,,
25-Jun-26,Word,,,,
25-Jun-26,Quote,,,,
26-Jun-26,Scripture,,,,
26-Jun-26,Proverb,,,,
26-Jun-26,Psalm,,,,
26-Jun-26,Word,,,,
26-Jun-26,Quote,,,,
27-Jun-26,Scripture,,,,
27-Jun-26,Proverb,,,,
27-Jun-26,Psalm,,,,
27-Jun-26,Word,,,,
27-Jun-26,Quote,,,,
28-Jun-26,Scripture,,,,
28-Jun-26,Proverb,,,,
28-Jun-26,Psalm,,,,
28-Jun-26,Word,,,,
28-Jun-26,Quote,,,,
29-Jun-26,Scripture,,,,
29-Jun-26,Proverb,,,,
29-Jun-26,Psalm,,,,
29-Jun-26,Word,,,,
29-Jun-26,Quote,,,,
30-Jun-26,Scripture,,,,
30-Jun-26,Proverb,,,,
30-Jun-26,Psalm,,,,
30-Jun-26,Word,,,,
30-Jun-26,Quote,,,,
1-Jul-26,Scripture,,,,
1-Jul-26,Proverb,,,,
1-Jul-26,Psalm,,,,
1-Jul-26,Word,,,,
1-Jul-26,Quote,,,,
2-Jul-26,Scripture,,,,
2-Jul-26,Proverb,,,,
2-Jul-26,Psalm,,,,
2-Jul-26,Word,,,,
2-Jul-26,Quote,,,,
3-Jul-26,Scripture,,,,
3-Jul-26,Proverb,,,,
3-Jul-26,Psalm,,,,
3-Jul-26,Word,,,,
3-Jul-26,Quote,,,,
4-Jul-26,Scripture,,,,
4-Jul-26,Proverb,,,,
4-Jul-26,Psalm,,,,
4-Jul-26,Word,,,,
4-Jul-26,Quote,,,,
5-Jul-26,Scripture,,,,
5-Jul-26,Proverb,,,,
5-Jul-26,Psalm,,,,
5-Jul-26,Word,,,,
5-Jul-26,Quote,,,,
6-Jul-26,Scripture,,,,
6-Jul-26,Proverb,,,,
6-Jul-26,Psalm,,,,
6-Jul-26,Word,,,,
6-Jul-26,Quote,,,,
7-Jul-26,Scripture,,,,
7-Jul-26,Proverb,,,,
7-Jul-26,Psalm,,,,
7-Jul-26,Word,,,,
7-Jul-26,Quote,,,,
8-Jul-26,Scripture,,,,
8-Jul-26,Proverb,,,,
8-Jul-26,Psalm,,,,
8-Jul-26,Word,,,,
8-Jul-26,Quote,,,,
9-Jul-26,Scripture,,,,
9-Jul-26,Proverb,,,,
9-Jul-26,Psalm,,,,
9-Jul-26,Word,,,,
9-Jul-26,Quote,,,,
10-Jul-26,Scripture,,,,
10-Jul-26,Proverb,,,,
10-Jul-26,Psalm,,,,
10-Jul-26,Word,,,,
10-Jul-26,Quote,,,,
11-Jul-26,Scripture,,,,
11-Jul-26,Proverb,,,,
11-Jul-26,Psalm,,,,
11-Jul-26,Word,,,,
11-Jul-26,Quote,,,,
12-Jul-26,Scripture,,,,
12-Jul-26,Proverb,,,,
12-Jul-26,Psalm,,,,
12-Jul-26,Word,,,,
12-Jul-26,Quote,,,,
13-Jul-26,Scripture,,,,
13-Jul-26,Proverb,,,,
13-Jul-26,Psalm,,,,
13-Jul-26,Word,,,,
13-Jul-26,Quote,,,,
14-Jul-26,Scripture,,,,
14-Jul-26,Proverb,,,,
14-Jul-26,Psalm,,,,
14-Jul-26,Word,,,,
14-Jul-26,Quote,,,,
15-Jul-26,Scripture,,,,
15-Jul-26,Proverb,,,,
15-Jul-26,Psalm,,,,
15-Jul-26,Word,,,,
15-Jul-26,Quote,,,,
16-Jul-26,Scripture,,,,
16-Jul-26,Proverb,,,,
16-Jul-26,Psalm,,,,
16-Jul-26,Word,,,,
16-Jul-26,Quote,,,,
17-Jul-26,Scripture,,,,
17-Jul-26,Proverb,,,,
17-Jul-26,Psalm,,,,
17-Jul-26,Word,,,,
17-Jul-26,Quote,,,,
18-Jul-26,Scripture,,,,
18-Jul-26,Proverb,,,,
18-Jul-26,Psalm,,,,
18-Jul-26,Word,,,,
18-Jul-26,Quote,,,,
19-Jul-26,Scripture,,,,
19-Jul-26,Proverb,,,,
19-Jul-26,Psalm,,,,
19-Jul-26,Word,,,,
19-Jul-26,Quote,,,,
20-Jul-26,Scripture,,,,
20-Jul-26,Proverb,,,,
20-Jul-26,Psalm,,,,
20-Jul-26,Word,,,,
20-Jul-26,Quote,,,,
21-Jul-26,Scripture,,,,
21-Jul-26,Proverb,,,,
21-Jul-26,Psalm,,,,
21-Jul-26,Word,,,,
21-Jul-26,Quote,,,,
22-Jul-26,Scripture,,,,
22-Jul-26,Proverb,,,,
22-Jul-26,Psalm,,,,
22-Jul-26,Word,,,,
22-Jul-26,Quote,,,,
23-Jul-26,Scripture,,,,
23-Jul-26,Proverb,,,,
23-Jul-26,Psalm,,,,
23-Jul-26,Word,,,,
23-Jul-26,Quote,,,,
24-Jul-26,Scripture,,,,
24-Jul-26,Proverb,,,,
24-Jul-26,Psalm,,,,
24-Jul-26,Word,,,,
24-Jul-26,Quote,,,,
25-Jul-26,Scripture,,,,
25-Jul-26,Proverb,,,,
25-Jul-26,Psalm,,,,
25-Jul-26,Word,,,,
25-Jul-26,Quote,,,,
26-Jul-26,Scripture,,,,
26-Jul-26,Proverb,,,,
26-Jul-26,Psalm,,,,
26-Jul-26,Word,,,,
26-Jul-26,Quote,,,,
27-Jul-26,Scripture,,,,
27-Jul-26,Proverb,,,,
27-Jul-26,Psalm,,,,
27-Jul-26,Word,,,,
27-Jul-26,Quote,,,,
28-Jul-26,Scripture,,,,
28-Jul-26,Proverb,,,,
28-Jul-26,Psalm,,,,
28-Jul-26,Word,,,,
28-Jul-26,Quote,,,,
29-Jul-26,Scripture,,,,
29-Jul-26,Proverb,,,,
29-Jul-26,Psalm,,,,
29-Jul-26,Word,,,,
29-Jul-26,Quote,,,,
30-Jul-26,Scripture,,,,
30-Jul-26,Proverb,,,,
30-Jul-26,Psalm,,,,
30-Jul-26,Word,,,,
30-Jul-26,Quote,,,,
31-Jul-26,Scripture,,,,
31-Jul-26,Proverb,,,,
31-Jul-26,Psalm,,,,
31-Jul-26,Word,,,,
31-Jul-26,Quote,,,,
1-Aug-26,Scripture,,,,
1-Aug-26,Proverb,,,,
1-Aug-26,Psalm,,,,
1-Aug-26,Word,,,,
1-Aug-26,Quote,,,,
2-Aug-26,Scripture,,,,
2-Aug-26,Proverb,,,,
2-Aug-26,Psalm,,,,
2-Aug-26,Word,,,,
2-Aug-26,Quote,,,,
3-Aug-26,Scripture,,,,
3-Aug-26,Proverb,,,,
3-Aug-26,Psalm,,,,
3-Aug-26,Word,,,,
3-Aug-26,Quote,,,,
4-Aug-26,Scripture,,,,
4-Aug-26,Proverb,,,,
4-Aug-26,Psalm,,,,
4-Aug-26,Word,,,,
4-Aug-26,Quote,,,,
5-Aug-26,Scripture,,,,
5-Aug-26,Proverb,,,,
5-Aug-26,Psalm,,,,
5-Aug-26,Word,,,,
5-Aug-26,Quote,,,,
6-Aug-26,Scripture,,,,
6-Aug-26,Proverb,,,,
6-Aug-26,Psalm,,,,
6-Aug-26,Word,,,,
6-Aug-26,Quote,,,,
7-Aug-26,Scripture,,,,
7-Aug-26,Proverb,,,,
7-Aug-26,Psalm,,,,
7-Aug-26,Word,,,,
7-Aug-26,Quote,,,,
8-Aug-26,Scripture,,,,
8-Aug-26,Proverb,,,,
8-Aug-26,Psalm,,,,
8-Aug-26,Word,,,,
8-Aug-26,Quote,,,,
9-Aug-26,Scripture,,,,
9-Aug-26,Proverb,,,,
9-Aug-26,Psalm,,,,
9-Aug-26,Word,,,,
9-Aug-26,Quote,,,,
10-Aug-26,Scripture,,,,
10-Aug-26,Proverb,,,,
10-Aug-26,Psalm,,,,
10-Aug-26,Word,,,,
10-Aug-26,Quote,,,,
11-Aug-26,Scripture,,,,
11-Aug-26,Proverb,,,,
11-Aug-26,Psalm,,,,
11-Aug-26,Word,,,,
11-Aug-26,Quote,,,,
12-Aug-26,Scripture,,,,
12-Aug-26,Proverb,,,,
12-Aug-26,Psalm,,,,
12-Aug-26,Word,,,,
12-Aug-26,Quote,,,,
13-Aug-26,Scripture,,,,
13-Aug-26,Proverb,,,,
13-Aug-26,Psalm,,,,
13-Aug-26,Word,,,,
13-Aug-26,Quote,,,,
14-Aug-26,Scripture,,,,
14-Aug-26,Proverb,,,,
14-Aug-26,Psalm,,,,
14-Aug-26,Word,,,,
14-Aug-26,Quote,,,,
15-Aug-26,Scripture,,,,
15-Aug-26,Proverb,,,,
15-Aug-26,Psalm,,,,
15-Aug-26,Word,,,,
15-Aug-26,Quote,,,,
16-Aug-26,Scripture,,,,
16-Aug-26,Proverb,,,,
16-Aug-26,Psalm,,,,
16-Aug-26,Word,,,,
16-Aug-26,Quote,,,,
17-Aug-26,Scripture,,,,
17-Aug-26,Proverb,,,,
17-Aug-26,Psalm,,,,
17-Aug-26,Word,,,,
17-Aug-26,Quote,,,,
18-Aug-26,Scripture,,,,
18-Aug-26,Proverb,,,,
18-Aug-26,Psalm,,,,
18-Aug-26,Word,,,,
18-Aug-26,Quote,,,,
19-Aug-26,Scripture,,,,
19-Aug-26,Proverb,,,,
19-Aug-26,Psalm,,,,
19-Aug-26,Word,,,,
19-Aug-26,Quote,,,,
20-Aug-26,Scripture,,,,
20-Aug-26,Proverb,,,,
20-Aug-26,Psalm,,,,
20-Aug-26,Word,,,,
20-Aug-26,Quote,,,,
21-Aug-26,Scripture,,,,
21-Aug-26,Proverb,,,,
21-Aug-26,Psalm,,,,
21-Aug-26,Word,,,,
21-Aug-26,Quote,,,,
22-Aug-26,Scripture,,,,
22-Aug-26,Proverb,,,,
22-Aug-26,Psalm,,,,
22-Aug-26,Word,,,,
22-Aug-26,Quote,,,,
23-Aug-26,Scripture,,,,
23-Aug-26,Proverb,,,,
23-Aug-26,Psalm,,,,
23-Aug-26,Word,,,,
23-Aug-26,Quote,,,,
24-Aug-26,Scripture,,,,
24-Aug-26,Proverb,,,,
24-Aug-26,Psalm,,,,
24-Aug-26,Word,,,,
