Date,Bible,Info,Exercise,Machine Learning,Math,Python,Search,Investing,WP,Test
31-Dec-25,0.0,0.0,0.0,1.0,0.0,1.0,0,0,0,0
1-Jan-26,0.0,0.0,0.0,0.0,0.0,0.0,0,0,0,0
2-Jan-26,0.0,0.0,0.0,1.0,0.0,1.0,0,0,0,0
3-Jan-26,0.0,0.0,0.0,0.0,0.0,0.0,0,0,0,0
4-Jan-26,1.0,1.0,1.0,1.0,0.0,1.0,0,0,0,0
5-Jan-26,0.0,0.0,0.0,1.0,0.0,0.0,0,0,0,0
6-Jan-26,1.0,0.0,0.0,1.0,0.0,0.0,0,0,0,0
7-Jan-26,0.0,0.0,0.0,1.0,0.0,0.0,0,0,0,0
8-Jan-26,0.0,0.0,0.0,1.0,0.0,1.0,0,0,0,1
9-Jan-26,0.0,0.0,0.0,1.0,0.0,1.0,0,0,0,0
10-Jan-26,0.0,0.0,0.0,1.0,0.0,1.0,0,0,0,0
11-Jan-26,0.0,0.0,0.0,1.0,0.0,1.0,0,0,0,0
12-Jan-26,0.0,0.0,0.0,1.0,0.0,1.0,0,0,0,0
13-Jan-26,0.0,0.0,0.0,1.0,0.0,1.0,0,0,0,0
14-Jan-26,0.0,0.0,0.0,1.0,0.0,1.0,0,0,0,1
15-Jan-26,0.0,0.0,0.0,0.0,0.0,0.0,0,0,0,0
16-Jan-26,0.0,0.0,0.0,0.0,0.0,0.0,0,0,0,0
17-Jan-26,0.0,0.0,0.0,0.0,0.0,0.0,0,0,0,0
18-Jan-26,0.0,0.0,0.0,0.0,0.0,0.0,0,0,0,0
19-Jan-26,0.0,0.0,0.0,0.0,0.0,0.0,0,0,0,0
20-Jan-26,0.0,0.0,0.0,0.0,0.0,0.0,0,0,0,0
21-Jan-26,0.0,0.0,0.0,0.0,0.0,0.0,0,0,0,0
22-Jan-26,0.0,0.0,0.0,0.0,0.0,0.0,0,0,0,0
23-Jan-26,0.0,0.0,0.0,0.0,0.0,0.0,0,0,0,0
24-Jan-26,0.0,0.0,0.0,0.0,0.0,0.0,0,0,0,0
25-Jan-26,0.0,0.0,0.0,0.0,0.0,0.0,0,0,0,0
26-Jan-26,0.0,0.0,0.0,0.0,0.0,0.0,0,0,0,0
27-Jan-26,0.0,0.0,0.0,0.0,0.0,0.0,0,0,0,0
28-Jan-26,0.0,0.0,0.0,0.0,0.0,0.0,0,0,0,0
29-Jan-26,0.0,0.0,0.0,0.0,0.0,0.0,0,0,0,0
30-Jan-26,0.0,0.0,0.0,0.0,0.0,0.0,0,0,0,0
31-Jan-26,0.0,0.0,0.0,0.0,0.0,0.0,0,0,0,0
1-Feb-26,0.0,0.0,0.0,0.0,0.0,0.0,0,0,0,0
2-Feb-26,0.0,0.0,0.0,0.0,0.0,0.0,0:00,0:00,0:00,0:00
3-Feb-26,0.0,0.0,0.0,0.0,0.0,0.0,0:00,0:00,0:00,0:00
4-Feb-26,0.0,0.0,0.0,0.0,0.0,0.0,0:00,0:00,0:00,0:00
5-Feb-26,0.0,0.0,0.0,0.0,0.0,0.0,0:00,0:00,0:00,0:00
6-Feb-26,0.0,0.0,0.0,0.0,0.0,0.0,0:00,0:00,0:00,0:00
7-Feb-26,,,,,,,,,,
8-Feb-26,,,,,,,,,,
9-Feb-26,,,,,,,,,,
10-Feb-26,,,,,,,,,,
11-Feb-26,,,,,,,,,,
12-Feb-26,,,,,,,,,,
13-Feb-26,,,,,,,,,,
14-Feb-26,,,,,,,,,,
15-Feb-26,,,,,,,,,,
16-Feb-26,,,,,,,,,,
17-Feb-26,,,,,,,,,,
18-Feb-26,,,,,,,,,,
19-Feb-26,,,,,,,,,,
20-Feb-26,,,,,,,,,,
21-Feb-26,,,,,,,,,,
22-Feb-26,,,,,,,,,,
23-Feb-26,,,,,,,,,,
24-Feb-26,,,,,,,,,,
25-Feb-26,,,,,,,,,,
26-Feb-26,,,,,,,,,,
27-Feb-26,,,,,,,,,,
28-Feb-26,,,,,,,,,,
1-Mar-26,,,,,,,,,,
2-Mar-26,,,,,,,,,,
3-Mar-26,,,,,,,,,,
4-Mar-26,,,,,,,,,,
5-Mar-26,,,,,,,,,,
6-Mar-26,,,,,,,,,,
7-Mar-26,,,,,,,,,,
8-Mar-26,,,,,,,,,,
9-Mar-26,,,,,,,,,,
10-Mar-26,,,,,,,,,,
11-Mar-26,,,,,,,,,,
12-Mar-26,,,,,,,,,,
13-Mar-26,,,,,,,,,,
14-Mar-26,,,,,,,,,,
15-Mar-26,,,,,,,,,,
16-Mar-26,,,,,,,,,,
17-Mar-26,,,,,,,,,,
18-Mar-26,,,,,,,,,,
19-Mar-26,,,,,,,,,,
20-Mar-26,,,,,,,,,,
21-Mar-26,,,,,,,,,,
22-Mar-26,,,,,,,,,,
23-Mar-26,,,,,,,,,,
24-Mar-26,,,,,,,,,,
25-Mar-26,,,,,,,,,,
26-Mar-26,,,,,,,,,,
27-Mar-26,,,,,,,,,,
28-Mar-26,,,,,,,,,,
29-Mar-26,,,,,,,,,,
30-Mar-26,,,,,,,,,,
31-Mar-26,,,,,,,,,,
1-Apr-26,,,,,,,,,,
2-Apr-26,,,,,,,,,,
3-Apr-26,,,,,,,,,,
4-Apr-26,,,,,,,,,,
5-Apr-26,,,,,,,,,,
6-Apr-26,,,,,,,,,,
7-Apr-26,,,,,,,,,,
8-Apr-26,,,,,,,,,,
9-Apr-26,,,,,,,,,,
10-Apr-26,,,,,,,,,,
11-Apr-26,,,,,,,,,,
12-Apr-26,,,,,,,,,,
13-Apr-26,,,,,,,,,,
14-Apr-26,,,,,,,,,,
15-Apr-26,,,,,,,,,,
16-Apr-26,,,,,,,,,,
17-Apr-26,,,,,,,,,,
18-Apr-26,,,,,,,,,,
19-Apr-26,,,,,,,,,,
20-Apr-26,,,,,,,,,,
21-Apr-26,,,,,,,,,,
22-Apr-26,,,,,,,,,,
23-Apr-26,,,,,,,,,,
24-Apr-26,,,,,,,,,,
25-Apr-26,,,,,,,,,,
26-Apr-26,,,,,,,,,,
27-Apr-26,,,,,,,,,,
28-Apr-26,,,,,,,,,,
29-Apr-26,,,,,,,,,,
30-Apr-26,,,,,,,,,,
1-May-26,,,,,,,,,,
2-May-26,,,,,,,,,,
3-May-26,,,,,,,,,,
4-May-26,,,,,,,,,,
5-May-26,,,,,,,,,,
6-May-26,,,,,,,,,,
7-May-26,,,,,,,,,,
8-May-26,,,,,,,,,,
9-May-26,,,,,,,,,,
10-May-26,,,,,,,,,,
11-May-26,,,,,,,,,,
12-May-26,,,,,,,,,,
13-May-26,,,,,,,,,,
14-May-26,,,,,,,,,,
15-May-26,,,,,,,,,,
16-May-26,,,,,,,,,,
17-May-26,,,,,,,,,,
18-May-26,,,,,,,,,,
19-May-26,,,,,,,,,,
20-May-26,,,,,,,,,,
21-May-26,,,,,,,,,,
22-May-26,,,,,,,,,,
23-May-26,,,,,,,,,,
24-May-26,,,,,,,,,,
25-May-26,,,,,,,,,,
26-May-26,,,,,,,,,,
27-May-26,,,,,,,,,,
28-May-26,,,,,,,,,,
29-May-26,,,,,,,,,,
30-May-26,,,,,,,,,,
31-May-26,,,,,,,,,,
1-Jun-26,,,,,,,,,,
2-Jun-26,,,,,,,,,,
3-Jun-26,,,,,,,,,,
4-Jun-26,,,,,,,,,,
5-Jun-26,,,,,,,,,,
6-Jun-26,,,,,,,,,,
7-Jun-26,,,,,,,,,,
8-Jun-26,,,,,,,,,,
9-Jun-26,,,,,,,,,,
10-Jun-26,,,,,,,,,,
11-Jun-26,,,,,,,,,,
12-Jun-26,,,,,,,,,,
13-Jun-26,,,,,,,,,,
14-Jun-26,,,,,,,,,,
15-Jun-26,,,,,,,,,,
16-Jun-26,,,,,,,,,,
17-Jun-26,,,,,,,,,,
18-Jun-26,,,,,,,,,,
19-Jun-26,,,,,,,,,,
20-Jun-26,,,,,,,,,,
21-Jun-26,,,,,,,,,,
22-Jun-26,,,,,,,,,,
23-Jun-26,,,,,,,,,,
24-Jun-26,,,,,,,,,,
25-Jun-26,,,,,,,,,,
26-Jun-26,,,,,,,,,,
27-Jun-26,,,,,,,,,,
28-Jun-26,,,,,,,,,,
29-Jun-26,,,,,,,,,,
30-Jun-26,,,,,,,,,,
1-Jul-26,,,,,,,,,,
2-Jul-26,,,,,,,,,,
3-Jul-26,,,,,,,,,,
4-Jul-26,,,,,,,,,,
5-Jul-26,,,,,,,,,,
6-Jul-26,,,,,,,,,,
7-Jul-26,,,,,,,,,,
8-Jul-26,,,,,,,,,,
9-Jul-26,,,,,,,,,,
10-Jul-26,,,,,,,,,,
11-Jul-26,,,,,,,,,,
12-Jul-26,,,,,,,,,,
13-Jul-26,,,,,,,,,,
14-Jul-26,,,,,,,,,,
15-Jul-26,,,,,,,,,,
16-Jul-26,,,,,,,,,,
17-Jul-26,,,,,,,,,,
18-Jul-26,,,,,,,,,,
19-Jul-26,,,,,,,,,,
20-Jul-26,,,,,,,,,,
21-Jul-26,,,,,,,,,,
22-Jul-26,,,,,,,,,,
23-Jul-26,,,,,,,,,,
24-Jul-26,,,,,,,,,,
25-Jul-26,,,,,,,,,,
26-Jul-26,,,,,,,,,,
27-Jul-26,,,,,,,,,,
28-Jul-26,,,,,,,,,,
29-Jul-26,,,,,,,,,,
30-Jul-26,,,,,,,,,,
31-Jul-26,,,,,,,,,,
1-Aug-26,,,,,,,,,,
2-Aug-26,,,,,,,,,,
3-Aug-26,,,,,,,,,,
4-Aug-26,,,,,,,,,,
5-Aug-26,,,,,,,,,,
6-Aug-26,,,,,,,,,,
7-Aug-26,,,,,,,,,,
8-Aug-26,,,,,,,,,,
9-Aug-26,,,,,,,,,,
10-Aug-26,,,,,,,,,,
11-Aug-26,,,,,,,,,,
12-Aug-26,,,,,,,,,,
13-Aug-26,,,,,,,,,,
14-Aug-26,,,,,,,,,,
15-Aug-26,,,,,,,,,,
16-Aug-26,,,,,,,,,,
17-Aug-26,,,,,,,,,,
18-Aug-26,,,,,,,,,,
19-Aug-26,,,,,,,,,,
20-Aug-26,,,,,,,,,,
21-Aug-26,,,,,,,,,,
22-Aug-26,,,,,,,,,,
23-Aug-26,,,,,,,,,,
24-Aug-26,,,,,,,,,,
25-Aug-26,,,,,,,,,,
26-Aug-26,,,,,,,,,,
27-Aug-26,,,,,,,,,,
28-Aug-26,,,,,,,,,,
29-Aug-26,,,,,,,,,,
30-Aug-26,,,,,,,,,,
31-Aug-26,,,,,,,,,,
1-Sep-26,,,,,,,,,,
2-Sep-26,,,,,,,,,,
3-Sep-26,,,,,,,,,,
4-Sep-26,,,,,,,,,,
5-Sep-26,,,,,,,,,,
6-Sep-26,,,,,,,,,,
7-Sep-26,,,,,,,,,,
8-Sep-26,,,,,,,,,,
9-Sep-26,,,,,,,,,,
10-Sep-26,,,,,,,,,,
11-Sep-26,,,,,,,,,,
12-Sep-26,,,,,,,,,,
13-Sep-26,,,,,,,,,,
14-Sep-26,,,,,,,,,,
15-Sep-26,,,,,,,,,,
16-Sep-26,,,,,,,,,,
17-Sep-26,,,,,,,,,,
18-Sep-26,,,,,,,,,,
19-Sep-26,,,,,,,,,,
20-Sep-26,,,,,,,,,,
21-Sep-26,,,,,,,,,,
22-Sep-26,,,,,,,,,,
23-Sep-26,,,,,,,,,,
24-Sep-26,,,,,,,,,,
25-Sep-26,,,,,,,,,,
26-Sep-26,,,,,,,,,,
27-Sep-26,,,,,,,,,,
28-Sep-26,,,,,,,,,,
29-Sep-26,,,,,,,,,,
30-Sep-26,,,,,,,,,,
1-Oct-26,,,,,,,,,,
2-Oct-26,,,,,,,,,,
3-Oct-26,,,,,,,,,,
4-Oct-26,,,,,,,,,,
5-Oct-26,,,,,,,,,,
6-Oct-26,,,,,,,,,,
7-Oct-26,,,,,,,,,,
8-Oct-26,,,,,,,,,,
9-Oct-26,,,,,,,,,,
10-Oct-26,,,,,,,,,,
11-Oct-26,,,,,,,,,,
12-Oct-26,,,,,,,,,,
13-Oct-26,,,,,,,,,,
14-Oct-26,,,,,,,,,,
15-Oct-26,,,,,,,,,,
16-Oct-26,,,,,,,,,,
17-Oct-26,,,,,,,,,,
18-Oct-26,,,,,,,,,,
19-Oct-26,,,,,,,,,,
20-Oct-26,,,,,,,,,,
21-Oct-26,,,,,,,,,,
22-Oct-26,,,,,,,,,,
23-Oct-26,,,,,,,,,,
24-Oct-26,,,,,,,,,,
25-Oct-26,,,,,,,,,,
26-Oct-26,,,,,,,,,,
27-Oct-26,,,,,,,,,,
28-Oct-26,,,,,,,,,,
29-Oct-26,,,,,,,,,,
30-Oct-26,,,,,,,,,,
31-Oct-26,,,,,,,,,,
1-Nov-26,,,,,,,,,,
2-Nov-26,,,,,,,,,,
3-Nov-26,,,,,,,,,,
4-Nov-26,,,,,,,,,,
5-Nov-26,,,,,,,,,,
6-Nov-26,,,,,,,,,,
7-Nov-26,,,,,,,,,,
8-Nov-26,,,,,,,,,,
9-Nov-26,,,,,,,,,,
10-Nov-26,,,,,,,,,,
11-Nov-26,,,,,,,,,,
12-Nov-26,,,,,,,,,,
13-Nov-26,,,,,,,,,,
14-Nov-26,,,,,,,,,,
15-Nov-26,,,,,,,,,,
16-Nov-26,,,,,,,,,,
17-Nov-26,,,,,,,,,,
18-Nov-26,,,,,,,,,,
19-Nov-26,,,,,,,,,,
20-Nov-26,,,,,,,,,,
21-Nov-26,,,,,,,,,,
22-Nov-26,,,,,,,,,,
23-Nov-26,,,,,,,,,,
24-Nov-26,,,,,,,,,,
25-Nov-26,,,,,,,,,,
26-Nov-26,,,,,,,,,,
27-Nov-26,,,,,,,,,,
28-Nov-26,,,,,,,,,,
29-Nov-26,,,,,,,,,,
30-Nov-26,,,,,,,,,,
1-Dec-26,,,,,,,,,,
2-Dec-26,,,,,,,,,,
3-Dec-26,,,,,,,,,,
4-Dec-26,,,,,,,,,,
5-Dec-26,,,,,,,,,,
6-Dec-26,,,,,,,,,,
7-Dec-26,,,,,,,,,,
8-Dec-26,,,,,,,,,,
9-Dec-26,,,,,,,,,,
10-Dec-26,,,,,,,,,,
11-Dec-26,,,,,,,,,,
12-Dec-26,,,,,,,,,,
13-Dec-26,,,,,,,,,,
14-Dec-26,,,,,,,,,,
15-Dec-26,,,,,,,,,,
16-Dec-26,,,,,,,,,,
17-Dec-26,,,,,,,,,,
18-Dec-26,,,,,,,,,,
19-Dec-26,,,,,,,,,,
20-Dec-26,,,,,,,,,,
21-Dec-26,,,,,,,,,,
22-Dec-26,,,,,,,,,,
23-Dec-26,,,,,,,,,,
24-Dec-26,,,,,,,,,,
25-Dec-26,,,,,,,,,,
26-Dec-26,,,,,,,,,,
27-Dec-26,,,,,,,,,,
28-Dec-26,,,,,,,,,,
29-Dec-26,,,,,,,,,,
30-Dec-26,,,,,,,,,,
31-Dec-26,,,,,,,,,,
1-Jan-27,,,,,,,,,,
2-Jan-27,,,,,,,,,,
3-Jan-27,,,,,,,,,,
4-Jan-27,,,,,,,,,,
5-Jan-27,,,,,,,,,,
6-Jan-27,,,,,,,,,,
7-Jan-27,,,,,,,,,,
8-Jan-27,,,,,,,,,,
9-Jan-27,,,,,,,,,,
10-Jan-27,,,,,,,,,,
11-Jan-27,,,,,,,,,,
12-Jan-27,,,,,,,,,,
13-Jan-27,,,,,,,,,,
14-Jan-27,,,,,,,,,,
15-Jan-27,,,,,,,,,,
16-Jan-27,,,,,,,,,,
17-Jan-27,,,,,,,,,,
18-Jan-27,,,,,,,,,,
19-Jan-27,,,,,,,,,,
20-Jan-27,,,,,,,,,,
21-Jan-27,,,,,,,,,,
22-Jan-27,,,,,,,,,,
23-Jan-27,,,,,,,,,,
24-Jan-27,,,,,,,,,,
25-Jan-27,,,,,,,,,,
26-Jan-27,,,,,,,,,,
27-Jan-27,,,,,,,,,,
28-Jan-27,,,,,,,,,,
29-Jan-27,,,,,,,,,,
30-Jan-27,,,,,,,,,,
31-Jan-27,,,,,,,,,,
1-Feb-27,,,,,,,,,,
2-Feb-27,,,,,,,,,,
3-Feb-27,,,,,,,,,,
4-Feb-27,,,,,,,,,,
5-Feb-27,,,,,,,,,,
6-Feb-27,,,,,,,,,,
7-Feb-27,,,,,,,,,,
8-Feb-27,,,,,,,,,,
9-Feb-27,,,,,,,,,,
10-Feb-27,,,,,,,,,,
11-Feb-27,,,,,,,,,,
12-Feb-27,,,,,,,,,,
13-Feb-27,,,,,,,,,,
14-Feb-27,,,,,,,,,,
15-Feb-27,,,,,,,,,,
16-Feb-27,,,,,,,,,,
17-Feb-27,,,,,,,,,,
18-Feb-27,,,,,,,,,,
19-Feb-27,,,,,,,,,,
20-Feb-27,,,,,,,,,,
21-Feb-27,,,,,,,,,,
22-Feb-27,,,,,,,,,,
23-Feb-27,,,,,,,,,,
24-Feb-27,,,,,,,,,,
25-Feb-27,,,,,,,,,,
26-Feb-27,,,,,,,,,,
27-Feb-27,,,,,,,,,,
28-Feb-27,,,,,,,,,,
1-Mar-27,,,,,,,,,,
2-Mar-27,,,,,,,,,,
3-Mar-27,,,,,,,,,,
4-Mar-27,,,,,,,,,,
5-Mar-27,,,,,,,,,,
6-Mar-27,,,,,,,,,,
7-Mar-27,,,,,,,,,,
8-Mar-27,,,,,,,,,,
9-Mar-27,,,,,,,,,,
10-Mar-27,,,,,,,,,,
11-Mar-27,,,,,,,,,,
12-Mar-27,,,,,,,,,,
13-Mar-27,,,,,,,,,,
14-Mar-27,,,,,,,,,,
15-Mar-27,,,,,,,,,,
16-Mar-27,,,,,,,,,,
17-Mar-27,,,,,,,,,,
18-Mar-27,,,,,,,,,,
19-Mar-27,,,,,,,,,,
20-Mar-27,,,,,,,,,,
21-Mar-27,,,,,,,,,,
22-Mar-27,,,,,,,,,,
23-Mar-27,,,,,,,,,,
24-Mar-27,,,,,,,,,,
25-Mar-27,,,,,,,,,,
26-Mar-27,,,,,,,,,,
27-Mar-27,,,,,,,,,,
28-Mar-27,,,,,,,,,,
29-Mar-27,,,,,,,,,,
30-Mar-27,,,,,,,,,,
31-Mar-27,,,,,,,,,,
1-Apr-27,,,,,,,,,,
2-Apr-27,,,,,,,,,,
3-Apr-27,,,,,,,,,,
4-Apr-27,,,,,,,,,,
5-Apr-27,,,,,,,,,,
6-Apr-27,,,,,,,,,,
7-Apr-27,,,,,,,,,,
8-Apr-27,,,,,,,,,,
9-Apr-27,,,,,,,,,,
10-Apr-27,,,,,,,,,,
11-Apr-27,,,,,,,,,,
12-Apr-27,,,,,,,,,,
13-Apr-27,,,,,,,,,,
14-Apr-27,,,,,,,,,,
15-Apr-27,,,,,,,,,,
16-Apr-27,,,,,,,,,,
17-Apr-27,,,,,,,,,,
18-Apr-27,,,,,,,,,,
19-Apr-27,,,,,,,,,,
20-Apr-27,,,,,,,,,,
21-Apr-27,,,,,,,,,,
22-Apr-27,,,,,,,,,,
23-Apr-27,,,,,,,,,,
24-Apr-27,,,,,,,,,,
25-Apr-27,,,,,,,,,,
26-Apr-27,,,,,,,,,,
27-Apr-27,,,,,,,,,,
28-Apr-27,,,,,,,,,,
29-Apr-27,,,,,,,,,,
30-Apr-27,,,,,,,,,,
1-May-27,,,,,,,,,,
2-May-27,,,,,,,,,,
3-May-27,,,,,,,,,,
4-May-27,,,,,,,,,,
5-May-27,,,,,,,,,,
6-May-27,,,,,,,,,,
7-May-27,,,,,,,,,,
8-May-27,,,,,,,,,,
9-May-27,,,,,,,,,,
10-May-27,,,,,,,,,,
11-May-27,,,,,,,,,,
12-May-27,,,,,,,,,,
13-May-27,,,,,,,,,,
14-May-27,,,,,,,,,,
15-May-27,,,,,,,,,,
16-May-27,,,,,,,,,,
17-May-27,,,,,,,,,,
18-May-27,,,,,,,,,,
19-May-27,,,,,,,,,,
20-May-27,,,,,,,,,,
21-May-27,,,,,,,,,,
22-May-27,,,,,,,,,,
23-May-27,,,,,,,,,,
24-May-27,,,,,,,,,,
25-May-27,,,,,,,,,,
26-May-27,,,,,,,,,,
27-May-27,,,,,,,,,,
28-May-27,,,,,,,,,,
29-May-27,,,,,,,,,,
30-May-27,,,,,,,,,,
31-May-27,,,,,,,,,,
1-Jun-27,,,,,,,,,,
2-Jun-27,,,,,,,,,,
3-Jun-27,,,,,,,,,,
4-Jun-27,,,,,,,,,,
5-Jun-27,,,,,,,,,,
6-Jun-27,,,,,,,,,,
7-Jun-27,,,,,,,,,,
8-Jun-27,,,,,,,,,,
9-Jun-27,,,,,,,,,,
10-Jun-27,,,,,,,,,,
11-Jun-27,,,,,,,,,,
12-Jun-27,,,,,,,,,,
13-Jun-27,,,,,,,,,,
14-Jun-27,,,,,,,,,,
15-Jun-27,,,,,,,,,,
16-Jun-27,,,,,,,,,,
17-Jun-27,,,,,,,,,,
18-Jun-27,,,,,,,,,,
19-Jun-27,,,,,,,,,,
20-Jun-27,,,,,,,,,,
21-Jun-27,,,,,,,,,,
22-Jun-27,,,,,,,,,,
23-Jun-27,,,,,,,,,,
24-Jun-27,,,,,,,,,,
25-Jun-27,,,,,,,,,,
26-Jun-27,,,,,,,,,,
27-Jun-27,,,,,,,,,,
28-Jun-27,,,,,,,,,,
29-Jun-27,,,,,,,,,,
30-Jun-27,,,,,,,,,,
1-Jul-27,,,,,,,,,,
2-Jul-27,,,,,,,,,,
3-Jul-27,,,,,,,,,,
4-Jul-27,,,,,,,,,,
5-Jul-27,,,,,,,,,,
6-Jul-27,,,,,,,,,,
7-Jul-27,,,,,,,,,,
8-Jul-27,,,,,,,,,,
9-Jul-27,,,,,,,,,,
10-Jul-27,,,,,,,,,,
11-Jul-27,,,,,,,,,,
12-Jul-27,,,,,,,,,,
13-Jul-27,,,,,,,,,,
14-Jul-27,,,,,,,,,,
15-Jul-27,,,,,,,,,,
16-Jul-27,,,,,,,,,,
17-Jul-27,,,,,,,,,,
18-Jul-27,,,,,,,,,,
19-Jul-27,,,,,,,,,,
20-Jul-27,,,,,,,,,,
21-Jul-27,,,,,,,,,,
22-Jul-27,,,,,,,,,,
23-Jul-27,,,,,,,,,,
24-Jul-27,,,,,,,,,,
25-Jul-27,,,,,,,,,,
26-Jul-27,,,,,,,,,,
27-Jul-27,,,,,,,,,,
28-Jul-27,,,,,,,,,,
29-Jul-27,,,,,,,,,,
30-Jul-27,,,,,,,,,,
31-Jul-27,,,,,,,,,,
1-Aug-27,,,,,,,,,,
2-Aug-27,,,,,,,,,,
3-Aug-27,,,,,,,,,,
4-Aug-27,,,,,,,,,,
5-Aug-27,,,,,,,,,,
6-Aug-27,,,,,,,,,,
7-Aug-27,,,,,,,,,,
8-Aug-27,,,,,,,,,,
9-Aug-27,,,,,,,,,,
10-Aug-27,,,,,,,,,,
11-Aug-27,,,,,,,,,,
12-Aug-27,,,,,,,,,,
13-Aug-27,,,,,,,,,,
14-Aug-27,,,,,,,,,,
15-Aug-27,,,,,,,,,,
16-Aug-27,,,,,,,,,,
17-Aug-27,,,,,,,,,,
18-Aug-27,,,,,,,,,,
19-Aug-27,,,,,,,,,,
20-Aug-27,,,,,,,,,,
21-Aug-27,,,,,,,,,,
22-Aug-27,,,,,,,,,,
23-Aug-27,,,,,,,,,,
24-Aug-27,,,,,,,,,,
25-Aug-27,,,,,,,,,,
26-Aug-27,,,,,,,,,,
27-Aug-27,,,,,,,,,,
28-Aug-27,,,,,,,,,,
29-Aug-27,,,,,,,,,,
30-Aug-27,,,,,,,,,,
31-Aug-27,,,,,,,,,,
1-Sep-27,,,,,,,,,,
2-Sep-27,,,,,,,,,,
3-Sep-27,,,,,,,,,,
4-Sep-27,,,,,,,,,,
5-Sep-27,,,,,,,,,,
6-Sep-27,,,,,,,,,,
7-Sep-27,,,,,,,,,,
8-Sep-27,,,,,,,,,,
9-Sep-27,,,,,,,,,,
10-Sep-27,,,,,,,,,,
11-Sep-27,,,,,,,,,,
12-Sep-27,,,,,,,,,,
13-Sep-27,,,,,,,,,,
14-Sep-27,,,,,,,,,,
15-Sep-27,,,,,,,,,,
16-Sep-27,,,,,,,,,,
17-Sep-27,,,,,,,,,,
18-Sep-27,,,,,,,,,,
19-Sep-27,,,,,,,,,,
20-Sep-27,,,,,,,,,,
21-Sep-27,,,,,,,,,,
22-Sep-27,,,,,,,,,,
23-Sep-27,,,,,,,,,,
24-Sep-27,,,,,,,,,,
25-Sep-27,,,,,,,,,,
26-Sep-27,,,,,,,,,,
27-Sep-27,,,,,,,,,,
28-Sep-27,,,,,,,,,,
29-Sep-27,,,,,,,,,,
30-Sep-27,,,,,,,,,,
1-Oct-27,,,,,,,,,,
2-Oct-27,,,,,,,,,,
3-Oct-27,,,,,,,,,,
4-Oct-27,,,,,,,,,,
5-Oct-27,,,,,,,,,,
6-Oct-27,,,,,,,,,,
7-Oct-27,,,,,,,,,,
8-Oct-27,,,,,,,,,,
9-Oct-27,,,,,,,,,,
10-Oct-27,,,,,,,,,,
11-Oct-27,,,,,,,,,,
12-Oct-27,,,,,,,,,,
13-Oct-27,,,,,,,,,,
14-Oct-27,,,,,,,,,,
15-Oct-27,,,,,,,,,,
16-Oct-27,,,,,,,,,,
17-Oct-27,,,,,,,,,,
18-Oct-27,,,,,,,,,,
19-Oct-27,,,,,,,,,,
20-Oct-27,,,,,,,,,,
21-Oct-27,,,,,,,,,,
22-Oct-27,,,,,,,,,,
23-Oct-27,,,,,,,,,,
24-Oct-27,,,,,,,,,,
25-Oct-27,,,,,,,,,,
26-Oct-27,,,,,,,,,,
27-Oct-27,,,,,,,,,,
28-Oct-27,,,,,,,,,,
29-Oct-27,,,,,,,,,,
30-Oct-27,,,,,,,,,,
31-Oct-27,,,,,,,,,,
1-Nov-27,,,,,,,,,,
2-Nov-27,,,,,,,,,,
3-Nov-27,,,,,,,,,,
4-Nov-27,,,,,,,,,,
5-Nov-27,,,,,,,,,,
6-Nov-27,,,,,,,,,,
7-Nov-27,,,,,,,,,,
8-Nov-27,,,,,,,,,,
9-Nov-27,,,,,,,,,,
10-Nov-27,,,,,,,,,,
11-Nov-27,,,,,,,,,,
12-Nov-27,,,,,,,,,,
13-Nov-27,,,,,,,,,,
14-Nov-27,,,,,,,,,,
15-Nov-27,,,,,,,,,,
16-Nov-27,,,,,,,,,,
17-Nov-27,,,,,,,,,,
18-Nov-27,,,,,,,,,,
19-Nov-27,,,,,,,,,,
20-Nov-27,,,,,,,,,,
21-Nov-27,,,,,,,,,,
22-Nov-27,,,,,,,,,,
23-Nov-27,,,,,,,,,,
24-Nov-27,,,,,,,,,,
25-Nov-27,,,,,,,,,,
26-Nov-27,,,,,,,,,,
27-Nov-27,,,,,,,,,,
28-Nov-27,,,,,,,,,,
29-Nov-27,,,,,,,,,,
30-Nov-27,,,,,,,,,,
1-Dec-27,,,,,,,,,,
2-Dec-27,,,,,,,,,,
3-Dec-27,,,,,,,,,,
4-Dec-27,,,,,,,,,,
5-Dec-27,,,,,,,,,,
6-Dec-27,,,,,,,,,,
7-Dec-27,,,,,,,,,,
8-Dec-27,,,,,,,,,,
9-Dec-27,,,,,,,,,,
10-Dec-27,,,,,,,,,,
11-Dec-27,,,,,,,,,,
12-Dec-27,,,,,,,,,,
13-Dec-27,,,,,,,,,,
14-Dec-27,,,,,,,,,,
15-Dec-27,,,,,,,,,,
16-Dec-27,,,,,,,,,,
17-Dec-27,,,,,,,,,,
18-Dec-27,,,,,,,,,,
19-Dec-27,,,,,,,,,,
20-Dec-27,,,,,,,,,,
21-Dec-27,,,,,,,,,,
22-Dec-27,,,,,,,,,,
23-Dec-27,,,,,,,,,,
24-Dec-27,,,,,,,,,,
25-Dec-27,,,,,,,,,,
26-Dec-27,,,,,,,,,,
27-Dec-27,,,,,,,,,,
28-Dec-27,,,,,,,,,,
29-Dec-27,,,,,,,,,,
30-Dec-27,,,,,,,,,,
31-Dec-27,,,,,,,,,,
1-Jan-28,,,,,,,,,,
2-Jan-28,,,,,,,,,,
3-Jan-28,,,,,,,,,,
4-Jan-28,,,,,,,,,,
5-Jan-28,,,,,,,,,,
6-Jan-28,,,,,,,,,,
7-Jan-28,,,,,,,,,,
8-Jan-28,,,,,,,,,,
9-Jan-28,,,,,,,,,,
10-Jan-28,,,,,,,,,,
11-Jan-28,,,,,,,,,,
12-Jan-28,,,,,,,,,,
13-Jan-28,,,,,,,,,,
14-Jan-28,,,,,,,,,,
15-Jan-28,,,,,,,,,,
16-Jan-28,,,,,,,,,,
17-Jan-28,,,,,,,,,,
18-Jan-28,,,,,,,,,,
19-Jan-28,,,,,,,,,,
20-Jan-28,,,,,,,,,,
21-Jan-28,,,,,,,,,,
22-Jan-28,,,,,,,,,,
23-Jan-28,,,,,,,,,,
24-Jan-28,,,,,,,,,,
25-Jan-28,,,,,,,,,,
26-Jan-28,,,,,,,,,,
27-Jan-28,,,,,,,,,,
28-Jan-28,,,,,,,,,,
29-Jan-28,,,,,,,,,,
30-Jan-28,,,,,,,,,,
31-Jan-28,,,,,,,,,,
1-Feb-28,,,,,,,,,,
2-Feb-28,,,,,,,,,,
3-Feb-28,,,,,,,,,,
4-Feb-28,,,,,,,,,,
5-Feb-28,,,,,,,,,,
6-Feb-28,,,,,,,,,,
7-Feb-28,,,,,,,,,,
8-Feb-28,,,,,,,,,,
9-Feb-28,,,,,,,,,,
10-Feb-28,,,,,,,,,,
11-Feb-28,,,,,,,,,,
12-Feb-28,,,,,,,,,,
13-Feb-28,,,,,,,,,,
14-Feb-28,,,,,,,,,,
15-Feb-28,,,,,,,,,,
16-Feb-28,,,,,,,,,,
17-Feb-28,,,,,,,,,,
18-Feb-28,,,,,,,,,,
19-Feb-28,,,,,,,,,,
20-Feb-28,,,,,,,,,,
21-Feb-28,,,,,,,,,,
22-Feb-28,,,,,,,,,,
23-Feb-28,,,,,,,,,,
24-Feb-28,,,,,,,,,,
25-Feb-28,,,,,,,,,,
26-Feb-28,,,,,,,,,,
27-Feb-28,,,,,,,,,,
28-Feb-28,,,,,,,,,,
29-Feb-28,,,,,,,,,,
1-Mar-28,,,,,,,,,,
2-Mar-28,,,,,,,,,,
3-Mar-28,,,,,,,,,,
4-Mar-28,,,,,,,,,,
5-Mar-28,,,,,,,,,,
6-Mar-28,,,,,,,,,,
7-Mar-28,,,,,,,,,,
8-Mar-28,,,,,,,,,,
9-Mar-28,,,,,,,,,,
10-Mar-28,,,,,,,,,,
11-Mar-28,,,,,,,,,,
12-Mar-28,,,,,,,,,,
13-Mar-28,,,,,,,,,,
14-Mar-28,,,,,,,,,,
15-Mar-28,,,,,,,,,,
16-Mar-28,,,,,,,,,,
17-Mar-28,,,,,,,,,,
18-Mar-28,,,,,,,,,,
19-Mar-28,,,,,,,,,,
20-Mar-28,,,,,,,,,,
21-Mar-28,,,,,,,,,,
22-Mar-28,,,,,,,,,,
23-Mar-28,,,,,,,,,,
24-Mar-28,,,,,,,,,,
25-Mar-28,,,,,,,,,,
26-Mar-28,,,,,,,,,,
27-Mar-28,,,,,,,,,,
28-Mar-28,,,,,,,,,,
29-Mar-28,,,,,,,,,,
30-Mar-28,,,,,,,,,,
31-Mar-28,,,,,,,,,,
1-Apr-28,,,,,,,,,,
2-Apr-28,,,,,,,,,,
3-Apr-28,,,,,,,,,,
4-Apr-28,,,,,,,,,,
5-Apr-28,,,,,,,,,,
6-Apr-28,,,,,,,,,,
7-Apr-28,,,,,,,,,,
8-Apr-28,,,,,,,,,,
9-Apr-28,,,,,,,,,,
10-Apr-28,,,,,,,,,,
11-Apr-28,,,,,,,,,,
12-Apr-28,,,,,,,,,,
13-Apr-28,,,,,,,,,,
14-Apr-28,,,,,,,,,,
15-Apr-28,,,,,,,,,,
16-Apr-28,,,,,,,,,,
17-Apr-28,,,,,,,,,,
18-Apr-28,,,,,,,,,,
19-Apr-28,,,,,,,,,,
20-Apr-28,,,,,,,,,,
21-Apr-28,,,,,,,,,,
22-Apr-28,,,,,,,,,,
23-Apr-28,,,,,,,,,,
24-Apr-28,,,,,,,,,,
25-Apr-28,,,,,,,,,,
26-Apr-28,,,,,,,,,,
27-Apr-28,,,,,,,,,,
28-Apr-28,,,,,,,,,,
29-Apr-28,,,,,,,,,,
30-Apr-28,,,,,,,,,,
1-May-28,,,,,,,,,,
2-May-28,,,,,,,,,,
3-May-28,,,,,,,,,,
4-May-28,,,,,,,,,,
5-May-28,,,,,,,,,,
6-May-28,,,,,,,,,,
7-May-28,,,,,,,,,,
8-May-28,,,,,,,,,,
9-May-28,,,,,,,,,,
10-May-28,,,,,,,,,,
11-May-28,,,,,,,,,,
12-May-28,,,,,,,,,,
13-May-28,,,,,,,,,,
14-May-28,,,,,,,,,,
15-May-28,,,,,,,,,,
16-May-28,,,,,,,,,,
17-May-28,,,,,,,,,,
18-May-28,,,,,,,,,,
19-May-28,,,,,,,,,,
20-May-28,,,,,,,,,,
21-May-28,,,,,,,,,,
22-May-28,,,,,,,,,,
23-May-28,,,,,,,,,,
24-May-28,,,,,,,,,,
25-May-28,,,,,,,,,,
26-May-28,,,,,,,,,,
27-May-28,,,,,,,,,,
28-May-28,,,,,,,,,,
29-May-28,,,,,,,,,,
30-May-28,,,,,,,,,,
31-May-28,,,,,,,,,,
1-Jun-28,,,,,,,,,,
2-Jun-28,,,,,,,,,,
3-Jun-28,,,,,,,,,,
4-Jun-28,,,,,,,,,,
5-Jun-28,,,,,,,,,,
6-Jun-28,,,,,,,,,,
7-Jun-28,,,,,,,,,,
8-Jun-28,,,,,,,,,,
9-Jun-28,,,,,,,,,,
10-Jun-28,,,,,,,,,,
11-Jun-28,,,,,,,,,,
12-Jun-28,,,,,,,,,,
13-Jun-28,,,,,,,,,,
14-Jun-28,,,,,,,,,,
15-Jun-28,,,,,,,,,,
16-Jun-28,,,,,,,,,,
17-Jun-28,,,,,,,,,,
18-Jun-28,,,,,,,,,,
19-Jun-28,,,,,,,,,,
20-Jun-28,,,,,,,,,,
21-Jun-28,,,,,,,,,,
22-Jun-28,,,,,,,,,,
23-Jun-28,,,,,,,,,,
24-Jun-28,,,,,,,,,,
25-Jun-28,,,,,,,,,,
26-Jun-28,,,,,,,,,,
27-Jun-28,,,,,,,,,,
28-Jun-28,,,,,,,,,,
29-Jun-28,,,,,,,,,,
30-Jun-28,,,,,,,,,,
1-Jul-28,,,,,,,,,,
2-Jul-28,,,,,,,,,,
3-Jul-28,,,,,,,,,,
4-Jul-28,,,,,,,,,,
5-Jul-28,,,,,,,,,,
6-Jul-28,,,,,,,,,,
7-Jul-28,,,,,,,,,,
8-Jul-28,,,,,,,,,,
9-Jul-28,,,,,,,,,,
10-Jul-28,,,,,,,,,,
11-Jul-28,,,,,,,,,,
12-Jul-28,,,,,,,,,,
13-Jul-28,,,,,,,,,,
14-Jul-28,,,,,,,,,,
15-Jul-28,,,,,,,,,,
16-Jul-28,,,,,,,,,,
17-Jul-28,,,,,,,,,,
18-Jul-28,,,,,,,,,,
19-Jul-28,,,,,,,,,,
20-Jul-28,,,,,,,,,,
21-Jul-28,,,,,,,,,,
22-Jul-28,,,,,,,,,,
23-Jul-28,,,,,,,,,,
24-Jul-28,,,,,,,,,,
25-Jul-28,,,,,,,,,,
26-Jul-28,,,,,,,,,,
27-Jul-28,,,,,,,,,,
28-Jul-28,,,,,,,,,,
29-Jul-28,,,,,,,,,,
30-Jul-28,,,,,,,,,,
31-Jul-28,,,,,,,,,,
1-Aug-28,,,,,,,,,,
2-Aug-28,,,,,,,,,,
3-Aug-28,,,,,,,,,,
4-Aug-28,,,,,,,,,,
5-Aug-28,,,,,,,,,,
6-Aug-28,,,,,,,,,,
7-Aug-28,,,,,,,,,,
8-Aug-28,,,,,,,,,,
9-Aug-28,,,,,,,,,,
10-Aug-28,,,,,,,,,,
11-Aug-28,,,,,,,,,,
12-Aug-28,,,,,,,,,,
13-Aug-28,,,,,,,,,,
14-Aug-28,,,,,,,,,,
15-Aug-28,,,,,,,,,,
16-Aug-28,,,,,,,,,,
17-Aug-28,,,,,,,,,,
18-Aug-28,,,,,,,,,,
19-Aug-28,,,,,,,,,,
20-Aug-28,,,,,,,,,,
21-Aug-28,,,,,,,,,,
22-Aug-28,,,,,,,,,,
23-Aug-28,,,,,,,,,,
24-Aug-28,,,,,,,,,,
25-Aug-28,,,,,,,,,,
26-Aug-28,,,,,,,,,,
27-Aug-28,,,,,,,,,,
28-Aug-28,,,,,,,,,,
29-Aug-28,,,,,,,,,,
30-Aug-28,,,,,,,,,,
31-Aug-28,,,,,,,,,,
1-Sep-28,,,,,,,,,,
2-Sep-28,,,,,,,,,,
3-Sep-28,,,,,,,,,,
4-Sep-28,,,,,,,,,,
5-Sep-28,,,,,,,,,,
6-Sep-28,,,,,,,,,,
7-Sep-28,,,,,,,,,,
8-Sep-28,,,,,,,,,,
9-Sep-28,,,,,,,,,,
10-Sep-28,,,,,,,,,,
11-Sep-28,,,,,,,,,,
12-Sep-28,,,,,,,,,,
13-Sep-28,,,,,,,,,,
14-Sep-28,,,,,,,,,,
15-Sep-28,,,,,,,,,,
16-Sep-28,,,,,,,,,,
17-Sep-28,,,,,,,,,,
18-Sep-28,,,,,,,,,,
19-Sep-28,,,,,,,,,,
20-Sep-28,,,,,,,,,,
21-Sep-28,,,,,,,,,,
22-Sep-28,,,,,,,,,,
23-Sep-28,,,,,,,,,,
24-Sep-28,,,,,,,,,,
25-Sep-28,,,,,,,,,,
26-Sep-28,,,,,,,,,,
27-Sep-28,,,,,,,,,,
28-Sep-28,,,,,,,,,,
