Model Name,Estimator Class,ModelType,Full Class Path,Primary Key,Part_2,Part_3,Part_4,Part_5
AdaBoostClassifier,<class 'sklearn.ensemble._weight_boosting.AdaBoostClassifier'>,classifier,<class 'sklearn.ensemble._weight_boosting.AdaBoostClassifier'>,sklearn.ensemble._weight_boosting.AdaBoostClassifier,ensemble,_weight_boosting,AdaBoostClassifier,
BaggingClassifier,<class 'sklearn.ensemble._bagging.BaggingClassifier'>,classifier,<class 'sklearn.ensemble._bagging.BaggingClassifier'>,sklearn.ensemble._bagging.BaggingClassifier,ensemble,_bagging,BaggingClassifier,
BernoulliNB,<class 'sklearn.naive_bayes.BernoulliNB'>,classifier,<class 'sklearn.naive_bayes.BernoulliNB'>,sklearn.naive_bayes.BernoulliNB,naive_bayes,BernoulliNB,,
CalibratedClassifierCV,<class 'sklearn.calibration.CalibratedClassifierCV'>,classifier,<class 'sklearn.calibration.CalibratedClassifierCV'>,sklearn.calibration.CalibratedClassifierCV,calibration,CalibratedClassifierCV,,
CategoricalNB,<class 'sklearn.naive_bayes.CategoricalNB'>,classifier,<class 'sklearn.naive_bayes.CategoricalNB'>,sklearn.naive_bayes.CategoricalNB,naive_bayes,CategoricalNB,,
ClassifierChain,<class 'sklearn.multioutput.ClassifierChain'>,classifier,<class 'sklearn.multioutput.ClassifierChain'>,sklearn.multioutput.ClassifierChain,multioutput,ClassifierChain,,
ComplementNB,<class 'sklearn.naive_bayes.ComplementNB'>,classifier,<class 'sklearn.naive_bayes.ComplementNB'>,sklearn.naive_bayes.ComplementNB,naive_bayes,ComplementNB,,
DecisionTreeClassifier,<class 'sklearn.tree._classes.DecisionTreeClassifier'>,classifier,<class 'sklearn.tree._classes.DecisionTreeClassifier'>,sklearn.tree._classes.DecisionTreeClassifier,tree,_classes,DecisionTreeClassifier,
DummyClassifier,<class 'sklearn.dummy.DummyClassifier'>,classifier,<class 'sklearn.dummy.DummyClassifier'>,sklearn.dummy.DummyClassifier,dummy,DummyClassifier,,
ExtraTreeClassifier,<class 'sklearn.tree._classes.ExtraTreeClassifier'>,classifier,<class 'sklearn.tree._classes.ExtraTreeClassifier'>,sklearn.tree._classes.ExtraTreeClassifier,tree,_classes,ExtraTreeClassifier,
ExtraTreesClassifier,<class 'sklearn.ensemble._forest.ExtraTreesClassifier'>,classifier,<class 'sklearn.ensemble._forest.ExtraTreesClassifier'>,sklearn.ensemble._forest.ExtraTreesClassifier,ensemble,_forest,ExtraTreesClassifier,
FixedThresholdClassifier,<class 'sklearn.model_selection._classification_threshold.FixedThresholdClassifier'>,classifier,<class 'sklearn.model_selection._classification_threshold.FixedThresholdClassifier'>,sklearn.model_selection._classification_threshold.FixedThresholdClassifier,model_selection,_classification_threshold,FixedThresholdClassifier,
GaussianNB,<class 'sklearn.naive_bayes.GaussianNB'>,classifier,<class 'sklearn.naive_bayes.GaussianNB'>,sklearn.naive_bayes.GaussianNB,naive_bayes,GaussianNB,,
GaussianProcessClassifier,<class 'sklearn.gaussian_process._gpc.GaussianProcessClassifier'>,classifier,<class 'sklearn.gaussian_process._gpc.GaussianProcessClassifier'>,sklearn.gaussian_process._gpc.GaussianProcessClassifier,gaussian_process,_gpc,GaussianProcessClassifier,
GradientBoostingClassifier,<class 'sklearn.ensemble._gb.GradientBoostingClassifier'>,classifier,<class 'sklearn.ensemble._gb.GradientBoostingClassifier'>,sklearn.ensemble._gb.GradientBoostingClassifier,ensemble,_gb,GradientBoostingClassifier,
HistGradientBoostingClassifier,<class 'sklearn.ensemble._hist_gradient_boosting.gradient_boosting.HistGradientBoostingClassifier'>,classifier,<class 'sklearn.ensemble._hist_gradient_boosting.gradient_boosting.HistGradientBoostingClassifier'>,sklearn.ensemble._hist_gradient_boosting.gradient_boosting.HistGradientBoostingClassifier,ensemble,_hist_gradient_boosting,gradient_boosting,HistGradientBoostingClassifier
KNeighborsClassifier,<class 'sklearn.neighbors._classification.KNeighborsClassifier'>,classifier,<class 'sklearn.neighbors._classification.KNeighborsClassifier'>,sklearn.neighbors._classification.KNeighborsClassifier,neighbors,_classification,KNeighborsClassifier,
LabelPropagation,<class 'sklearn.semi_supervised._label_propagation.LabelPropagation'>,classifier,<class 'sklearn.semi_supervised._label_propagation.LabelPropagation'>,sklearn.semi_supervised._label_propagation.LabelPropagation,semi_supervised,_label_propagation,LabelPropagation,
LabelSpreading,<class 'sklearn.semi_supervised._label_propagation.LabelSpreading'>,classifier,<class 'sklearn.semi_supervised._label_propagation.LabelSpreading'>,sklearn.semi_supervised._label_propagation.LabelSpreading,semi_supervised,_label_propagation,LabelSpreading,
LinearDiscriminantAnalysis,<class 'sklearn.discriminant_analysis.LinearDiscriminantAnalysis'>,classifier,<class 'sklearn.discriminant_analysis.LinearDiscriminantAnalysis'>,sklearn.discriminant_analysis.LinearDiscriminantAnalysis,discriminant_analysis,LinearDiscriminantAnalysis,,
LinearSVC,<class 'sklearn.svm._classes.LinearSVC'>,classifier,<class 'sklearn.svm._classes.LinearSVC'>,sklearn.svm._classes.LinearSVC,svm,_classes,LinearSVC,
LogisticRegression,<class 'sklearn.linear_model._logistic.LogisticRegression'>,classifier,<class 'sklearn.linear_model._logistic.LogisticRegression'>,sklearn.linear_model._logistic.LogisticRegression,linear_model,_logistic,LogisticRegression,
LogisticRegressionCV,<class 'sklearn.linear_model._logistic.LogisticRegressionCV'>,classifier,<class 'sklearn.linear_model._logistic.LogisticRegressionCV'>,sklearn.linear_model._logistic.LogisticRegressionCV,linear_model,_logistic,LogisticRegressionCV,
MLPClassifier,<class 'sklearn.neural_network._multilayer_perceptron.MLPClassifier'>,classifier,<class 'sklearn.neural_network._multilayer_perceptron.MLPClassifier'>,sklearn.neural_network._multilayer_perceptron.MLPClassifier,neural_network,_multilayer_perceptron,MLPClassifier,
MultiOutputClassifier,<class 'sklearn.multioutput.MultiOutputClassifier'>,classifier,<class 'sklearn.multioutput.MultiOutputClassifier'>,sklearn.multioutput.MultiOutputClassifier,multioutput,MultiOutputClassifier,,
MultinomialNB,<class 'sklearn.naive_bayes.MultinomialNB'>,classifier,<class 'sklearn.naive_bayes.MultinomialNB'>,sklearn.naive_bayes.MultinomialNB,naive_bayes,MultinomialNB,,
NearestCentroid,<class 'sklearn.neighbors._nearest_centroid.NearestCentroid'>,classifier,<class 'sklearn.neighbors._nearest_centroid.NearestCentroid'>,sklearn.neighbors._nearest_centroid.NearestCentroid,neighbors,_nearest_centroid,NearestCentroid,
NuSVC,<class 'sklearn.svm._classes.NuSVC'>,classifier,<class 'sklearn.svm._classes.NuSVC'>,sklearn.svm._classes.NuSVC,svm,_classes,NuSVC,
OneVsOneClassifier,<class 'sklearn.multiclass.OneVsOneClassifier'>,classifier,<class 'sklearn.multiclass.OneVsOneClassifier'>,sklearn.multiclass.OneVsOneClassifier,multiclass,OneVsOneClassifier,,
OneVsRestClassifier,<class 'sklearn.multiclass.OneVsRestClassifier'>,classifier,<class 'sklearn.multiclass.OneVsRestClassifier'>,sklearn.multiclass.OneVsRestClassifier,multiclass,OneVsRestClassifier,,
OutputCodeClassifier,<class 'sklearn.multiclass.OutputCodeClassifier'>,classifier,<class 'sklearn.multiclass.OutputCodeClassifier'>,sklearn.multiclass.OutputCodeClassifier,multiclass,OutputCodeClassifier,,
PassiveAggressiveClassifier,<class 'sklearn.linear_model._passive_aggressive.PassiveAggressiveClassifier'>,classifier,<class 'sklearn.linear_model._passive_aggressive.PassiveAggressiveClassifier'>,sklearn.linear_model._passive_aggressive.PassiveAggressiveClassifier,linear_model,_passive_aggressive,PassiveAggressiveClassifier,
Perceptron,<class 'sklearn.linear_model._perceptron.Perceptron'>,classifier,<class 'sklearn.linear_model._perceptron.Perceptron'>,sklearn.linear_model._perceptron.Perceptron,linear_model,_perceptron,Perceptron,
QuadraticDiscriminantAnalysis,<class 'sklearn.discriminant_analysis.QuadraticDiscriminantAnalysis'>,classifier,<class 'sklearn.discriminant_analysis.QuadraticDiscriminantAnalysis'>,sklearn.discriminant_analysis.QuadraticDiscriminantAnalysis,discriminant_analysis,QuadraticDiscriminantAnalysis,,
RadiusNeighborsClassifier,<class 'sklearn.neighbors._classification.RadiusNeighborsClassifier'>,classifier,<class 'sklearn.neighbors._classification.RadiusNeighborsClassifier'>,sklearn.neighbors._classification.RadiusNeighborsClassifier,neighbors,_classification,RadiusNeighborsClassifier,
RandomForestClassifier,<class 'sklearn.ensemble._forest.RandomForestClassifier'>,classifier,<class 'sklearn.ensemble._forest.RandomForestClassifier'>,sklearn.ensemble._forest.RandomForestClassifier,ensemble,_forest,RandomForestClassifier,
RidgeClassifier,<class 'sklearn.linear_model._ridge.RidgeClassifier'>,classifier,<class 'sklearn.linear_model._ridge.RidgeClassifier'>,sklearn.linear_model._ridge.RidgeClassifier,linear_model,_ridge,RidgeClassifier,
RidgeClassifierCV,<class 'sklearn.linear_model._ridge.RidgeClassifierCV'>,classifier,<class 'sklearn.linear_model._ridge.RidgeClassifierCV'>,sklearn.linear_model._ridge.RidgeClassifierCV,linear_model,_ridge,RidgeClassifierCV,
SGDClassifier,<class 'sklearn.linear_model._stochastic_gradient.SGDClassifier'>,classifier,<class 'sklearn.linear_model._stochastic_gradient.SGDClassifier'>,sklearn.linear_model._stochastic_gradient.SGDClassifier,linear_model,_stochastic_gradient,SGDClassifier,
SVC,<class 'sklearn.svm._classes.SVC'>,classifier,<class 'sklearn.svm._classes.SVC'>,sklearn.svm._classes.SVC,svm,_classes,SVC,
SelfTrainingClassifier,<class 'sklearn.semi_supervised._self_training.SelfTrainingClassifier'>,classifier,<class 'sklearn.semi_supervised._self_training.SelfTrainingClassifier'>,sklearn.semi_supervised._self_training.SelfTrainingClassifier,semi_supervised,_self_training,SelfTrainingClassifier,
StackingClassifier,<class 'sklearn.ensemble._stacking.StackingClassifier'>,classifier,<class 'sklearn.ensemble._stacking.StackingClassifier'>,sklearn.ensemble._stacking.StackingClassifier,ensemble,_stacking,StackingClassifier,
TunedThresholdClassifierCV,<class 'sklearn.model_selection._classification_threshold.TunedThresholdClassifierCV'>,classifier,<class 'sklearn.model_selection._classification_threshold.TunedThresholdClassifierCV'>,sklearn.model_selection._classification_threshold.TunedThresholdClassifierCV,model_selection,_classification_threshold,TunedThresholdClassifierCV,
VotingClassifier,<class 'sklearn.ensemble._voting.VotingClassifier'>,classifier,<class 'sklearn.ensemble._voting.VotingClassifier'>,sklearn.ensemble._voting.VotingClassifier,ensemble,_voting,VotingClassifier,
ARDRegression,<class 'sklearn.linear_model._bayes.ARDRegression'>,regressor,<class 'sklearn.linear_model._bayes.ARDRegression'>,sklearn.linear_model._bayes.ARDRegression,linear_model,_bayes,ARDRegression,
AdaBoostRegressor,<class 'sklearn.ensemble._weight_boosting.AdaBoostRegressor'>,regressor,<class 'sklearn.ensemble._weight_boosting.AdaBoostRegressor'>,sklearn.ensemble._weight_boosting.AdaBoostRegressor,ensemble,_weight_boosting,AdaBoostRegressor,
BaggingRegressor,<class 'sklearn.ensemble._bagging.BaggingRegressor'>,regressor,<class 'sklearn.ensemble._bagging.BaggingRegressor'>,sklearn.ensemble._bagging.BaggingRegressor,ensemble,_bagging,BaggingRegressor,
BayesianRidge,<class 'sklearn.linear_model._bayes.BayesianRidge'>,regressor,<class 'sklearn.linear_model._bayes.BayesianRidge'>,sklearn.linear_model._bayes.BayesianRidge,linear_model,_bayes,BayesianRidge,
CCA,<class 'sklearn.cross_decomposition._pls.CCA'>,regressor,<class 'sklearn.cross_decomposition._pls.CCA'>,sklearn.cross_decomposition._pls.CCA,cross_decomposition,_pls,CCA,
DecisionTreeRegressor,<class 'sklearn.tree._classes.DecisionTreeRegressor'>,regressor,<class 'sklearn.tree._classes.DecisionTreeRegressor'>,sklearn.tree._classes.DecisionTreeRegressor,tree,_classes,DecisionTreeRegressor,
DummyRegressor,<class 'sklearn.dummy.DummyRegressor'>,regressor,<class 'sklearn.dummy.DummyRegressor'>,sklearn.dummy.DummyRegressor,dummy,DummyRegressor,,
ElasticNet,<class 'sklearn.linear_model._coordinate_descent.ElasticNet'>,regressor,<class 'sklearn.linear_model._coordinate_descent.ElasticNet'>,sklearn.linear_model._coordinate_descent.ElasticNet,linear_model,_coordinate_descent,ElasticNet,
ElasticNetCV,<class 'sklearn.linear_model._coordinate_descent.ElasticNetCV'>,regressor,<class 'sklearn.linear_model._coordinate_descent.ElasticNetCV'>,sklearn.linear_model._coordinate_descent.ElasticNetCV,linear_model,_coordinate_descent,ElasticNetCV,
ExtraTreeRegressor,<class 'sklearn.tree._classes.ExtraTreeRegressor'>,regressor,<class 'sklearn.tree._classes.ExtraTreeRegressor'>,sklearn.tree._classes.ExtraTreeRegressor,tree,_classes,ExtraTreeRegressor,
ExtraTreesRegressor,<class 'sklearn.ensemble._forest.ExtraTreesRegressor'>,regressor,<class 'sklearn.ensemble._forest.ExtraTreesRegressor'>,sklearn.ensemble._forest.ExtraTreesRegressor,ensemble,_forest,ExtraTreesRegressor,
GammaRegressor,<class 'sklearn.linear_model._glm.glm.GammaRegressor'>,regressor,<class 'sklearn.linear_model._glm.glm.GammaRegressor'>,sklearn.linear_model._glm.glm.GammaRegressor,linear_model,_glm,glm,GammaRegressor
GaussianProcessRegressor,<class 'sklearn.gaussian_process._gpr.GaussianProcessRegressor'>,regressor,<class 'sklearn.gaussian_process._gpr.GaussianProcessRegressor'>,sklearn.gaussian_process._gpr.GaussianProcessRegressor,gaussian_process,_gpr,GaussianProcessRegressor,
GradientBoostingRegressor,<class 'sklearn.ensemble._gb.GradientBoostingRegressor'>,regressor,<class 'sklearn.ensemble._gb.GradientBoostingRegressor'>,sklearn.ensemble._gb.GradientBoostingRegressor,ensemble,_gb,GradientBoostingRegressor,
HistGradientBoostingRegressor,<class 'sklearn.ensemble._hist_gradient_boosting.gradient_boosting.HistGradientBoostingRegressor'>,regressor,<class 'sklearn.ensemble._hist_gradient_boosting.gradient_boosting.HistGradientBoostingRegressor'>,sklearn.ensemble._hist_gradient_boosting.gradient_boosting.HistGradientBoostingRegressor,ensemble,_hist_gradient_boosting,gradient_boosting,HistGradientBoostingRegressor
HuberRegressor,<class 'sklearn.linear_model._huber.HuberRegressor'>,regressor,<class 'sklearn.linear_model._huber.HuberRegressor'>,sklearn.linear_model._huber.HuberRegressor,linear_model,_huber,HuberRegressor,
IsotonicRegression,<class 'sklearn.isotonic.IsotonicRegression'>,regressor,<class 'sklearn.isotonic.IsotonicRegression'>,sklearn.isotonic.IsotonicRegression,isotonic,IsotonicRegression,,
KNeighborsRegressor,<class 'sklearn.neighbors._regression.KNeighborsRegressor'>,regressor,<class 'sklearn.neighbors._regression.KNeighborsRegressor'>,sklearn.neighbors._regression.KNeighborsRegressor,neighbors,_regression,KNeighborsRegressor,
KernelRidge,<class 'sklearn.kernel_ridge.KernelRidge'>,regressor,<class 'sklearn.kernel_ridge.KernelRidge'>,sklearn.kernel_ridge.KernelRidge,kernel_ridge,KernelRidge,,
Lars,<class 'sklearn.linear_model._least_angle.Lars'>,regressor,<class 'sklearn.linear_model._least_angle.Lars'>,sklearn.linear_model._least_angle.Lars,linear_model,_least_angle,Lars,
LarsCV,<class 'sklearn.linear_model._least_angle.LarsCV'>,regressor,<class 'sklearn.linear_model._least_angle.LarsCV'>,sklearn.linear_model._least_angle.LarsCV,linear_model,_least_angle,LarsCV,
Lasso,<class 'sklearn.linear_model._coordinate_descent.Lasso'>,regressor,<class 'sklearn.linear_model._coordinate_descent.Lasso'>,sklearn.linear_model._coordinate_descent.Lasso,linear_model,_coordinate_descent,Lasso,
LassoCV,<class 'sklearn.linear_model._coordinate_descent.LassoCV'>,regressor,<class 'sklearn.linear_model._coordinate_descent.LassoCV'>,sklearn.linear_model._coordinate_descent.LassoCV,linear_model,_coordinate_descent,LassoCV,
LassoLars,<class 'sklearn.linear_model._least_angle.LassoLars'>,regressor,<class 'sklearn.linear_model._least_angle.LassoLars'>,sklearn.linear_model._least_angle.LassoLars,linear_model,_least_angle,LassoLars,
LassoLarsCV,<class 'sklearn.linear_model._least_angle.LassoLarsCV'>,regressor,<class 'sklearn.linear_model._least_angle.LassoLarsCV'>,sklearn.linear_model._least_angle.LassoLarsCV,linear_model,_least_angle,LassoLarsCV,
LassoLarsIC,<class 'sklearn.linear_model._least_angle.LassoLarsIC'>,regressor,<class 'sklearn.linear_model._least_angle.LassoLarsIC'>,sklearn.linear_model._least_angle.LassoLarsIC,linear_model,_least_angle,LassoLarsIC,
LinearRegression,<class 'sklearn.linear_model._base.LinearRegression'>,regressor,<class 'sklearn.linear_model._base.LinearRegression'>,sklearn.linear_model._base.LinearRegression,linear_model,_base,LinearRegression,
LinearSVR,<class 'sklearn.svm._classes.LinearSVR'>,regressor,<class 'sklearn.svm._classes.LinearSVR'>,sklearn.svm._classes.LinearSVR,svm,_classes,LinearSVR,
MLPRegressor,<class 'sklearn.neural_network._multilayer_perceptron.MLPRegressor'>,regressor,<class 'sklearn.neural_network._multilayer_perceptron.MLPRegressor'>,sklearn.neural_network._multilayer_perceptron.MLPRegressor,neural_network,_multilayer_perceptron,MLPRegressor,
MultiOutputRegressor,<class 'sklearn.multioutput.MultiOutputRegressor'>,regressor,<class 'sklearn.multioutput.MultiOutputRegressor'>,sklearn.multioutput.MultiOutputRegressor,multioutput,MultiOutputRegressor,,
MultiTaskElasticNet,<class 'sklearn.linear_model._coordinate_descent.MultiTaskElasticNet'>,regressor,<class 'sklearn.linear_model._coordinate_descent.MultiTaskElasticNet'>,sklearn.linear_model._coordinate_descent.MultiTaskElasticNet,linear_model,_coordinate_descent,MultiTaskElasticNet,
MultiTaskElasticNetCV,<class 'sklearn.linear_model._coordinate_descent.MultiTaskElasticNetCV'>,regressor,<class 'sklearn.linear_model._coordinate_descent.MultiTaskElasticNetCV'>,sklearn.linear_model._coordinate_descent.MultiTaskElasticNetCV,linear_model,_coordinate_descent,MultiTaskElasticNetCV,
MultiTaskLasso,<class 'sklearn.linear_model._coordinate_descent.MultiTaskLasso'>,regressor,<class 'sklearn.linear_model._coordinate_descent.MultiTaskLasso'>,sklearn.linear_model._coordinate_descent.MultiTaskLasso,linear_model,_coordinate_descent,MultiTaskLasso,
MultiTaskLassoCV,<class 'sklearn.linear_model._coordinate_descent.MultiTaskLassoCV'>,regressor,<class 'sklearn.linear_model._coordinate_descent.MultiTaskLassoCV'>,sklearn.linear_model._coordinate_descent.MultiTaskLassoCV,linear_model,_coordinate_descent,MultiTaskLassoCV,
NuSVR,<class 'sklearn.svm._classes.NuSVR'>,regressor,<class 'sklearn.svm._classes.NuSVR'>,sklearn.svm._classes.NuSVR,svm,_classes,NuSVR,
OrthogonalMatchingPursuit,<class 'sklearn.linear_model._omp.OrthogonalMatchingPursuit'>,regressor,<class 'sklearn.linear_model._omp.OrthogonalMatchingPursuit'>,sklearn.linear_model._omp.OrthogonalMatchingPursuit,linear_model,_omp,OrthogonalMatchingPursuit,
OrthogonalMatchingPursuitCV,<class 'sklearn.linear_model._omp.OrthogonalMatchingPursuitCV'>,regressor,<class 'sklearn.linear_model._omp.OrthogonalMatchingPursuitCV'>,sklearn.linear_model._omp.OrthogonalMatchingPursuitCV,linear_model,_omp,OrthogonalMatchingPursuitCV,
PLSCanonical,<class 'sklearn.cross_decomposition._pls.PLSCanonical'>,regressor,<class 'sklearn.cross_decomposition._pls.PLSCanonical'>,sklearn.cross_decomposition._pls.PLSCanonical,cross_decomposition,_pls,PLSCanonical,
PLSRegression,<class 'sklearn.cross_decomposition._pls.PLSRegression'>,regressor,<class 'sklearn.cross_decomposition._pls.PLSRegression'>,sklearn.cross_decomposition._pls.PLSRegression,cross_decomposition,_pls,PLSRegression,
PassiveAggressiveRegressor,<class 'sklearn.linear_model._passive_aggressive.PassiveAggressiveRegressor'>,regressor,<class 'sklearn.linear_model._passive_aggressive.PassiveAggressiveRegressor'>,sklearn.linear_model._passive_aggressive.PassiveAggressiveRegressor,linear_model,_passive_aggressive,PassiveAggressiveRegressor,
PoissonRegressor,<class 'sklearn.linear_model._glm.glm.PoissonRegressor'>,regressor,<class 'sklearn.linear_model._glm.glm.PoissonRegressor'>,sklearn.linear_model._glm.glm.PoissonRegressor,linear_model,_glm,glm,PoissonRegressor
QuantileRegressor,<class 'sklearn.linear_model._quantile.QuantileRegressor'>,regressor,<class 'sklearn.linear_model._quantile.QuantileRegressor'>,sklearn.linear_model._quantile.QuantileRegressor,linear_model,_quantile,QuantileRegressor,
RANSACRegressor,<class 'sklearn.linear_model._ransac.RANSACRegressor'>,regressor,<class 'sklearn.linear_model._ransac.RANSACRegressor'>,sklearn.linear_model._ransac.RANSACRegressor,linear_model,_ransac,RANSACRegressor,
RadiusNeighborsRegressor,<class 'sklearn.neighbors._regression.RadiusNeighborsRegressor'>,regressor,<class 'sklearn.neighbors._regression.RadiusNeighborsRegressor'>,sklearn.neighbors._regression.RadiusNeighborsRegressor,neighbors,_regression,RadiusNeighborsRegressor,
RandomForestRegressor,<class 'sklearn.ensemble._forest.RandomForestRegressor'>,regressor,<class 'sklearn.ensemble._forest.RandomForestRegressor'>,sklearn.ensemble._forest.RandomForestRegressor,ensemble,_forest,RandomForestRegressor,
RegressorChain,<class 'sklearn.multioutput.RegressorChain'>,regressor,<class 'sklearn.multioutput.RegressorChain'>,sklearn.multioutput.RegressorChain,multioutput,RegressorChain,,
Ridge,<class 'sklearn.linear_model._ridge.Ridge'>,regressor,<class 'sklearn.linear_model._ridge.Ridge'>,sklearn.linear_model._ridge.Ridge,linear_model,_ridge,Ridge,
RidgeCV,<class 'sklearn.linear_model._ridge.RidgeCV'>,regressor,<class 'sklearn.linear_model._ridge.RidgeCV'>,sklearn.linear_model._ridge.RidgeCV,linear_model,_ridge,RidgeCV,
SGDRegressor,<class 'sklearn.linear_model._stochastic_gradient.SGDRegressor'>,regressor,<class 'sklearn.linear_model._stochastic_gradient.SGDRegressor'>,sklearn.linear_model._stochastic_gradient.SGDRegressor,linear_model,_stochastic_gradient,SGDRegressor,
SVR,<class 'sklearn.svm._classes.SVR'>,regressor,<class 'sklearn.svm._classes.SVR'>,sklearn.svm._classes.SVR,svm,_classes,SVR,
StackingRegressor,<class 'sklearn.ensemble._stacking.StackingRegressor'>,regressor,<class 'sklearn.ensemble._stacking.StackingRegressor'>,sklearn.ensemble._stacking.StackingRegressor,ensemble,_stacking,StackingRegressor,
TheilSenRegressor,<class 'sklearn.linear_model._theil_sen.TheilSenRegressor'>,regressor,<class 'sklearn.linear_model._theil_sen.TheilSenRegressor'>,sklearn.linear_model._theil_sen.TheilSenRegressor,linear_model,_theil_sen,TheilSenRegressor,
TransformedTargetRegressor,<class 'sklearn.compose._target.TransformedTargetRegressor'>,regressor,<class 'sklearn.compose._target.TransformedTargetRegressor'>,sklearn.compose._target.TransformedTargetRegressor,compose,_target,TransformedTargetRegressor,
TweedieRegressor,<class 'sklearn.linear_model._glm.glm.TweedieRegressor'>,regressor,<class 'sklearn.linear_model._glm.glm.TweedieRegressor'>,sklearn.linear_model._glm.glm.TweedieRegressor,linear_model,_glm,glm,TweedieRegressor
VotingRegressor,<class 'sklearn.ensemble._voting.VotingRegressor'>,regressor,<class 'sklearn.ensemble._voting.VotingRegressor'>,sklearn.ensemble._voting.VotingRegressor,ensemble,_voting,VotingRegressor,
AffinityPropagation,<class 'sklearn.cluster._affinity_propagation.AffinityPropagation'>,cluster,<class 'sklearn.cluster._affinity_propagation.AffinityPropagation'>,sklearn.cluster._affinity_propagation.AffinityPropagation,cluster,_affinity_propagation,AffinityPropagation,
AgglomerativeClustering,<class 'sklearn.cluster._agglomerative.AgglomerativeClustering'>,cluster,<class 'sklearn.cluster._agglomerative.AgglomerativeClustering'>,sklearn.cluster._agglomerative.AgglomerativeClustering,cluster,_agglomerative,AgglomerativeClustering,
Birch,<class 'sklearn.cluster._birch.Birch'>,cluster,<class 'sklearn.cluster._birch.Birch'>,sklearn.cluster._birch.Birch,cluster,_birch,Birch,
BisectingKMeans,<class 'sklearn.cluster._bisect_k_means.BisectingKMeans'>,cluster,<class 'sklearn.cluster._bisect_k_means.BisectingKMeans'>,sklearn.cluster._bisect_k_means.BisectingKMeans,cluster,_bisect_k_means,BisectingKMeans,
DBSCAN,<class 'sklearn.cluster._dbscan.DBSCAN'>,cluster,<class 'sklearn.cluster._dbscan.DBSCAN'>,sklearn.cluster._dbscan.DBSCAN,cluster,_dbscan,DBSCAN,
FeatureAgglomeration,<class 'sklearn.cluster._agglomerative.FeatureAgglomeration'>,cluster,<class 'sklearn.cluster._agglomerative.FeatureAgglomeration'>,sklearn.cluster._agglomerative.FeatureAgglomeration,cluster,_agglomerative,FeatureAgglomeration,
HDBSCAN,<class 'sklearn.cluster._hdbscan.hdbscan.HDBSCAN'>,cluster,<class 'sklearn.cluster._hdbscan.hdbscan.HDBSCAN'>,sklearn.cluster._hdbscan.hdbscan.HDBSCAN,cluster,_hdbscan,hdbscan,HDBSCAN
KMeans,<class 'sklearn.cluster._kmeans.KMeans'>,cluster,<class 'sklearn.cluster._kmeans.KMeans'>,sklearn.cluster._kmeans.KMeans,cluster,_kmeans,KMeans,
MeanShift,<class 'sklearn.cluster._mean_shift.MeanShift'>,cluster,<class 'sklearn.cluster._mean_shift.MeanShift'>,sklearn.cluster._mean_shift.MeanShift,cluster,_mean_shift,MeanShift,
MiniBatchKMeans,<class 'sklearn.cluster._kmeans.MiniBatchKMeans'>,cluster,<class 'sklearn.cluster._kmeans.MiniBatchKMeans'>,sklearn.cluster._kmeans.MiniBatchKMeans,cluster,_kmeans,MiniBatchKMeans,
OPTICS,<class 'sklearn.cluster._optics.OPTICS'>,cluster,<class 'sklearn.cluster._optics.OPTICS'>,sklearn.cluster._optics.OPTICS,cluster,_optics,OPTICS,
SpectralClustering,<class 'sklearn.cluster._spectral.SpectralClustering'>,cluster,<class 'sklearn.cluster._spectral.SpectralClustering'>,sklearn.cluster._spectral.SpectralClustering,cluster,_spectral,SpectralClustering,
AdditiveChi2Sampler,<class 'sklearn.kernel_approximation.AdditiveChi2Sampler'>,transformer,<class 'sklearn.kernel_approximation.AdditiveChi2Sampler'>,sklearn.kernel_approximation.AdditiveChi2Sampler,kernel_approximation,AdditiveChi2Sampler,,
BernoulliRBM,<class 'sklearn.neural_network._rbm.BernoulliRBM'>,transformer,<class 'sklearn.neural_network._rbm.BernoulliRBM'>,sklearn.neural_network._rbm.BernoulliRBM,neural_network,_rbm,BernoulliRBM,
Binarizer,<class 'sklearn.preprocessing._data.Binarizer'>,transformer,<class 'sklearn.preprocessing._data.Binarizer'>,sklearn.preprocessing._data.Binarizer,preprocessing,_data,Binarizer,
ColumnTransformer,<class 'sklearn.compose._column_transformer.ColumnTransformer'>,transformer,<class 'sklearn.compose._column_transformer.ColumnTransformer'>,sklearn.compose._column_transformer.ColumnTransformer,compose,_column_transformer,ColumnTransformer,
DictVectorizer,<class 'sklearn.feature_extraction._dict_vectorizer.DictVectorizer'>,transformer,<class 'sklearn.feature_extraction._dict_vectorizer.DictVectorizer'>,sklearn.feature_extraction._dict_vectorizer.DictVectorizer,feature_extraction,_dict_vectorizer,DictVectorizer,
DictionaryLearning,<class 'sklearn.decomposition._dict_learning.DictionaryLearning'>,transformer,<class 'sklearn.decomposition._dict_learning.DictionaryLearning'>,sklearn.decomposition._dict_learning.DictionaryLearning,decomposition,_dict_learning,DictionaryLearning,
FactorAnalysis,<class 'sklearn.decomposition._factor_analysis.FactorAnalysis'>,transformer,<class 'sklearn.decomposition._factor_analysis.FactorAnalysis'>,sklearn.decomposition._factor_analysis.FactorAnalysis,decomposition,_factor_analysis,FactorAnalysis,
FastICA,<class 'sklearn.decomposition._fastica.FastICA'>,transformer,<class 'sklearn.decomposition._fastica.FastICA'>,sklearn.decomposition._fastica.FastICA,decomposition,_fastica,FastICA,
FeatureHasher,<class 'sklearn.feature_extraction._hash.FeatureHasher'>,transformer,<class 'sklearn.feature_extraction._hash.FeatureHasher'>,sklearn.feature_extraction._hash.FeatureHasher,feature_extraction,_hash,FeatureHasher,
FeatureUnion,<class 'sklearn.pipeline.FeatureUnion'>,transformer,<class 'sklearn.pipeline.FeatureUnion'>,sklearn.pipeline.FeatureUnion,pipeline,FeatureUnion,,
FunctionTransformer,<class 'sklearn.preprocessing._function_transformer.FunctionTransformer'>,transformer,<class 'sklearn.preprocessing._function_transformer.FunctionTransformer'>,sklearn.preprocessing._function_transformer.FunctionTransformer,preprocessing,_function_transformer,FunctionTransformer,
GaussianRandomProjection,<class 'sklearn.random_projection.GaussianRandomProjection'>,transformer,<class 'sklearn.random_projection.GaussianRandomProjection'>,sklearn.random_projection.GaussianRandomProjection,random_projection,GaussianRandomProjection,,
GenericUnivariateSelect,<class 'sklearn.feature_selection._univariate_selection.GenericUnivariateSelect'>,transformer,<class 'sklearn.feature_selection._univariate_selection.GenericUnivariateSelect'>,sklearn.feature_selection._univariate_selection.GenericUnivariateSelect,feature_selection,_univariate_selection,GenericUnivariateSelect,
HashingVectorizer,<class 'sklearn.feature_extraction.text.HashingVectorizer'>,transformer,<class 'sklearn.feature_extraction.text.HashingVectorizer'>,sklearn.feature_extraction.text.HashingVectorizer,feature_extraction,text,HashingVectorizer,
IncrementalPCA,<class 'sklearn.decomposition._incremental_pca.IncrementalPCA'>,transformer,<class 'sklearn.decomposition._incremental_pca.IncrementalPCA'>,sklearn.decomposition._incremental_pca.IncrementalPCA,decomposition,_incremental_pca,IncrementalPCA,
Isomap,<class 'sklearn.manifold._isomap.Isomap'>,transformer,<class 'sklearn.manifold._isomap.Isomap'>,sklearn.manifold._isomap.Isomap,manifold,_isomap,Isomap,
KBinsDiscretizer,<class 'sklearn.preprocessing._discretization.KBinsDiscretizer'>,transformer,<class 'sklearn.preprocessing._discretization.KBinsDiscretizer'>,sklearn.preprocessing._discretization.KBinsDiscretizer,preprocessing,_discretization,KBinsDiscretizer,
KNNImputer,<class 'sklearn.impute._knn.KNNImputer'>,transformer,<class 'sklearn.impute._knn.KNNImputer'>,sklearn.impute._knn.KNNImputer,impute,_knn,KNNImputer,
KNeighborsTransformer,<class 'sklearn.neighbors._graph.KNeighborsTransformer'>,transformer,<class 'sklearn.neighbors._graph.KNeighborsTransformer'>,sklearn.neighbors._graph.KNeighborsTransformer,neighbors,_graph,KNeighborsTransformer,
KernelCenterer,<class 'sklearn.preprocessing._data.KernelCenterer'>,transformer,<class 'sklearn.preprocessing._data.KernelCenterer'>,sklearn.preprocessing._data.KernelCenterer,preprocessing,_data,KernelCenterer,
KernelPCA,<class 'sklearn.decomposition._kernel_pca.KernelPCA'>,transformer,<class 'sklearn.decomposition._kernel_pca.KernelPCA'>,sklearn.decomposition._kernel_pca.KernelPCA,decomposition,_kernel_pca,KernelPCA,
LabelBinarizer,<class 'sklearn.preprocessing._label.LabelBinarizer'>,transformer,<class 'sklearn.preprocessing._label.LabelBinarizer'>,sklearn.preprocessing._label.LabelBinarizer,preprocessing,_label,LabelBinarizer,
LabelEncoder,<class 'sklearn.preprocessing._label.LabelEncoder'>,transformer,<class 'sklearn.preprocessing._label.LabelEncoder'>,sklearn.preprocessing._label.LabelEncoder,preprocessing,_label,LabelEncoder,
LatentDirichletAllocation,<class 'sklearn.decomposition._lda.LatentDirichletAllocation'>,transformer,<class 'sklearn.decomposition._lda.LatentDirichletAllocation'>,sklearn.decomposition._lda.LatentDirichletAllocation,decomposition,_lda,LatentDirichletAllocation,
LocallyLinearEmbedding,<class 'sklearn.manifold._locally_linear.LocallyLinearEmbedding'>,transformer,<class 'sklearn.manifold._locally_linear.LocallyLinearEmbedding'>,sklearn.manifold._locally_linear.LocallyLinearEmbedding,manifold,_locally_linear,LocallyLinearEmbedding,
MaxAbsScaler,<class 'sklearn.preprocessing._data.MaxAbsScaler'>,transformer,<class 'sklearn.preprocessing._data.MaxAbsScaler'>,sklearn.preprocessing._data.MaxAbsScaler,preprocessing,_data,MaxAbsScaler,
MinMaxScaler,<class 'sklearn.preprocessing._data.MinMaxScaler'>,transformer,<class 'sklearn.preprocessing._data.MinMaxScaler'>,sklearn.preprocessing._data.MinMaxScaler,preprocessing,_data,MinMaxScaler,
MiniBatchDictionaryLearning,<class 'sklearn.decomposition._dict_learning.MiniBatchDictionaryLearning'>,transformer,<class 'sklearn.decomposition._dict_learning.MiniBatchDictionaryLearning'>,sklearn.decomposition._dict_learning.MiniBatchDictionaryLearning,decomposition,_dict_learning,MiniBatchDictionaryLearning,
MiniBatchNMF,<class 'sklearn.decomposition._nmf.MiniBatchNMF'>,transformer,<class 'sklearn.decomposition._nmf.MiniBatchNMF'>,sklearn.decomposition._nmf.MiniBatchNMF,decomposition,_nmf,MiniBatchNMF,
MiniBatchSparsePCA,<class 'sklearn.decomposition._sparse_pca.MiniBatchSparsePCA'>,transformer,<class 'sklearn.decomposition._sparse_pca.MiniBatchSparsePCA'>,sklearn.decomposition._sparse_pca.MiniBatchSparsePCA,decomposition,_sparse_pca,MiniBatchSparsePCA,
MissingIndicator,<class 'sklearn.impute._base.MissingIndicator'>,transformer,<class 'sklearn.impute._base.MissingIndicator'>,sklearn.impute._base.MissingIndicator,impute,_base,MissingIndicator,
MultiLabelBinarizer,<class 'sklearn.preprocessing._label.MultiLabelBinarizer'>,transformer,<class 'sklearn.preprocessing._label.MultiLabelBinarizer'>,sklearn.preprocessing._label.MultiLabelBinarizer,preprocessing,_label,MultiLabelBinarizer,
NMF,<class 'sklearn.decomposition._nmf.NMF'>,transformer,<class 'sklearn.decomposition._nmf.NMF'>,sklearn.decomposition._nmf.NMF,decomposition,_nmf,NMF,
NeighborhoodComponentsAnalysis,<class 'sklearn.neighbors._nca.NeighborhoodComponentsAnalysis'>,transformer,<class 'sklearn.neighbors._nca.NeighborhoodComponentsAnalysis'>,sklearn.neighbors._nca.NeighborhoodComponentsAnalysis,neighbors,_nca,NeighborhoodComponentsAnalysis,
Normalizer,<class 'sklearn.preprocessing._data.Normalizer'>,transformer,<class 'sklearn.preprocessing._data.Normalizer'>,sklearn.preprocessing._data.Normalizer,preprocessing,_data,Normalizer,
Nystroem,<class 'sklearn.kernel_approximation.Nystroem'>,transformer,<class 'sklearn.kernel_approximation.Nystroem'>,sklearn.kernel_approximation.Nystroem,kernel_approximation,Nystroem,,
OneHotEncoder,<class 'sklearn.preprocessing._encoders.OneHotEncoder'>,transformer,<class 'sklearn.preprocessing._encoders.OneHotEncoder'>,sklearn.preprocessing._encoders.OneHotEncoder,preprocessing,_encoders,OneHotEncoder,
OrdinalEncoder,<class 'sklearn.preprocessing._encoders.OrdinalEncoder'>,transformer,<class 'sklearn.preprocessing._encoders.OrdinalEncoder'>,sklearn.preprocessing._encoders.OrdinalEncoder,preprocessing,_encoders,OrdinalEncoder,
PCA,<class 'sklearn.decomposition._pca.PCA'>,transformer,<class 'sklearn.decomposition._pca.PCA'>,sklearn.decomposition._pca.PCA,decomposition,_pca,PCA,
PLSSVD,<class 'sklearn.cross_decomposition._pls.PLSSVD'>,transformer,<class 'sklearn.cross_decomposition._pls.PLSSVD'>,sklearn.cross_decomposition._pls.PLSSVD,cross_decomposition,_pls,PLSSVD,
PatchExtractor,<class 'sklearn.feature_extraction.image.PatchExtractor'>,transformer,<class 'sklearn.feature_extraction.image.PatchExtractor'>,sklearn.feature_extraction.image.PatchExtractor,feature_extraction,image,PatchExtractor,
PolynomialCountSketch,<class 'sklearn.kernel_approximation.PolynomialCountSketch'>,transformer,<class 'sklearn.kernel_approximation.PolynomialCountSketch'>,sklearn.kernel_approximation.PolynomialCountSketch,kernel_approximation,PolynomialCountSketch,,
PolynomialFeatures,<class 'sklearn.preprocessing._polynomial.PolynomialFeatures'>,transformer,<class 'sklearn.preprocessing._polynomial.PolynomialFeatures'>,sklearn.preprocessing._polynomial.PolynomialFeatures,preprocessing,_polynomial,PolynomialFeatures,
PowerTransformer,<class 'sklearn.preprocessing._data.PowerTransformer'>,transformer,<class 'sklearn.preprocessing._data.PowerTransformer'>,sklearn.preprocessing._data.PowerTransformer,preprocessing,_data,PowerTransformer,
QuantileTransformer,<class 'sklearn.preprocessing._data.QuantileTransformer'>,transformer,<class 'sklearn.preprocessing._data.QuantileTransformer'>,sklearn.preprocessing._data.QuantileTransformer,preprocessing,_data,QuantileTransformer,
RBFSampler,<class 'sklearn.kernel_approximation.RBFSampler'>,transformer,<class 'sklearn.kernel_approximation.RBFSampler'>,sklearn.kernel_approximation.RBFSampler,kernel_approximation,RBFSampler,,
RFE,<class 'sklearn.feature_selection._rfe.RFE'>,transformer,<class 'sklearn.feature_selection._rfe.RFE'>,sklearn.feature_selection._rfe.RFE,feature_selection,_rfe,RFE,
RFECV,<class 'sklearn.feature_selection._rfe.RFECV'>,transformer,<class 'sklearn.feature_selection._rfe.RFECV'>,sklearn.feature_selection._rfe.RFECV,feature_selection,_rfe,RFECV,
RadiusNeighborsTransformer,<class 'sklearn.neighbors._graph.RadiusNeighborsTransformer'>,transformer,<class 'sklearn.neighbors._graph.RadiusNeighborsTransformer'>,sklearn.neighbors._graph.RadiusNeighborsTransformer,neighbors,_graph,RadiusNeighborsTransformer,
RandomTreesEmbedding,<class 'sklearn.ensemble._forest.RandomTreesEmbedding'>,transformer,<class 'sklearn.ensemble._forest.RandomTreesEmbedding'>,sklearn.ensemble._forest.RandomTreesEmbedding,ensemble,_forest,RandomTreesEmbedding,
RobustScaler,<class 'sklearn.preprocessing._data.RobustScaler'>,transformer,<class 'sklearn.preprocessing._data.RobustScaler'>,sklearn.preprocessing._data.RobustScaler,preprocessing,_data,RobustScaler,
SelectFdr,<class 'sklearn.feature_selection._univariate_selection.SelectFdr'>,transformer,<class 'sklearn.feature_selection._univariate_selection.SelectFdr'>,sklearn.feature_selection._univariate_selection.SelectFdr,feature_selection,_univariate_selection,SelectFdr,
SelectFpr,<class 'sklearn.feature_selection._univariate_selection.SelectFpr'>,transformer,<class 'sklearn.feature_selection._univariate_selection.SelectFpr'>,sklearn.feature_selection._univariate_selection.SelectFpr,feature_selection,_univariate_selection,SelectFpr,
SelectFromModel,<class 'sklearn.feature_selection._from_model.SelectFromModel'>,transformer,<class 'sklearn.feature_selection._from_model.SelectFromModel'>,sklearn.feature_selection._from_model.SelectFromModel,feature_selection,_from_model,SelectFromModel,
SelectFwe,<class 'sklearn.feature_selection._univariate_selection.SelectFwe'>,transformer,<class 'sklearn.feature_selection._univariate_selection.SelectFwe'>,sklearn.feature_selection._univariate_selection.SelectFwe,feature_selection,_univariate_selection,SelectFwe,
SelectKBest,<class 'sklearn.feature_selection._univariate_selection.SelectKBest'>,transformer,<class 'sklearn.feature_selection._univariate_selection.SelectKBest'>,sklearn.feature_selection._univariate_selection.SelectKBest,feature_selection,_univariate_selection,SelectKBest,
SelectPercentile,<class 'sklearn.feature_selection._univariate_selection.SelectPercentile'>,transformer,<class 'sklearn.feature_selection._univariate_selection.SelectPercentile'>,sklearn.feature_selection._univariate_selection.SelectPercentile,feature_selection,_univariate_selection,SelectPercentile,
SequentialFeatureSelector,<class 'sklearn.feature_selection._sequential.SequentialFeatureSelector'>,transformer,<class 'sklearn.feature_selection._sequential.SequentialFeatureSelector'>,sklearn.feature_selection._sequential.SequentialFeatureSelector,feature_selection,_sequential,SequentialFeatureSelector,
SimpleImputer,<class 'sklearn.impute._base.SimpleImputer'>,transformer,<class 'sklearn.impute._base.SimpleImputer'>,sklearn.impute._base.SimpleImputer,impute,_base,SimpleImputer,
SkewedChi2Sampler,<class 'sklearn.kernel_approximation.SkewedChi2Sampler'>,transformer,<class 'sklearn.kernel_approximation.SkewedChi2Sampler'>,sklearn.kernel_approximation.SkewedChi2Sampler,kernel_approximation,SkewedChi2Sampler,,
SparseCoder,<class 'sklearn.decomposition._dict_learning.SparseCoder'>,transformer,<class 'sklearn.decomposition._dict_learning.SparseCoder'>,sklearn.decomposition._dict_learning.SparseCoder,decomposition,_dict_learning,SparseCoder,
SparsePCA,<class 'sklearn.decomposition._sparse_pca.SparsePCA'>,transformer,<class 'sklearn.decomposition._sparse_pca.SparsePCA'>,sklearn.decomposition._sparse_pca.SparsePCA,decomposition,_sparse_pca,SparsePCA,
SparseRandomProjection,<class 'sklearn.random_projection.SparseRandomProjection'>,transformer,<class 'sklearn.random_projection.SparseRandomProjection'>,sklearn.random_projection.SparseRandomProjection,random_projection,SparseRandomProjection,,
SplineTransformer,<class 'sklearn.preprocessing._polynomial.SplineTransformer'>,transformer,<class 'sklearn.preprocessing._polynomial.SplineTransformer'>,sklearn.preprocessing._polynomial.SplineTransformer,preprocessing,_polynomial,SplineTransformer,
StandardScaler,<class 'sklearn.preprocessing._data.StandardScaler'>,transformer,<class 'sklearn.preprocessing._data.StandardScaler'>,sklearn.preprocessing._data.StandardScaler,preprocessing,_data,StandardScaler,
TSNE,<class 'sklearn.manifold._t_sne.TSNE'>,transformer,<class 'sklearn.manifold._t_sne.TSNE'>,sklearn.manifold._t_sne.TSNE,manifold,_t_sne,TSNE,
TargetEncoder,<class 'sklearn.preprocessing._target_encoder.TargetEncoder'>,transformer,<class 'sklearn.preprocessing._target_encoder.TargetEncoder'>,sklearn.preprocessing._target_encoder.TargetEncoder,preprocessing,_target_encoder,TargetEncoder,
TfidfTransformer,<class 'sklearn.feature_extraction.text.TfidfTransformer'>,transformer,<class 'sklearn.feature_extraction.text.TfidfTransformer'>,sklearn.feature_extraction.text.TfidfTransformer,feature_extraction,text,TfidfTransformer,
TruncatedSVD,<class 'sklearn.decomposition._truncated_svd.TruncatedSVD'>,transformer,<class 'sklearn.decomposition._truncated_svd.TruncatedSVD'>,sklearn.decomposition._truncated_svd.TruncatedSVD,decomposition,_truncated_svd,TruncatedSVD,
VarianceThreshold,<class 'sklearn.feature_selection._variance_threshold.VarianceThreshold'>,transformer,<class 'sklearn.feature_selection._variance_threshold.VarianceThreshold'>,sklearn.feature_selection._variance_threshold.VarianceThreshold,feature_selection,_variance_threshold,VarianceThreshold,
BayesianGaussianMixture,<class 'sklearn.mixture._bayesian_mixture.BayesianGaussianMixture'>,All,<class 'sklearn.mixture._bayesian_mixture.BayesianGaussianMixture'>,sklearn.mixture._bayesian_mixture.BayesianGaussianMixture,mixture,_bayesian_mixture,BayesianGaussianMixture,
CountVectorizer,<class 'sklearn.feature_extraction.text.CountVectorizer'>,All,<class 'sklearn.feature_extraction.text.CountVectorizer'>,sklearn.feature_extraction.text.CountVectorizer,feature_extraction,text,CountVectorizer,
EllipticEnvelope,<class 'sklearn.covariance._elliptic_envelope.EllipticEnvelope'>,All,<class 'sklearn.covariance._elliptic_envelope.EllipticEnvelope'>,sklearn.covariance._elliptic_envelope.EllipticEnvelope,covariance,_elliptic_envelope,EllipticEnvelope,
EmpiricalCovariance,<class 'sklearn.covariance._empirical_covariance.EmpiricalCovariance'>,All,<class 'sklearn.covariance._empirical_covariance.EmpiricalCovariance'>,sklearn.covariance._empirical_covariance.EmpiricalCovariance,covariance,_empirical_covariance,EmpiricalCovariance,
FrozenEstimator,<class 'sklearn.frozen._frozen.FrozenEstimator'>,All,<class 'sklearn.frozen._frozen.FrozenEstimator'>,sklearn.frozen._frozen.FrozenEstimator,frozen,_frozen,FrozenEstimator,
GaussianMixture,<class 'sklearn.mixture._gaussian_mixture.GaussianMixture'>,All,<class 'sklearn.mixture._gaussian_mixture.GaussianMixture'>,sklearn.mixture._gaussian_mixture.GaussianMixture,mixture,_gaussian_mixture,GaussianMixture,
GraphicalLasso,<class 'sklearn.covariance._graph_lasso.GraphicalLasso'>,All,<class 'sklearn.covariance._graph_lasso.GraphicalLasso'>,sklearn.covariance._graph_lasso.GraphicalLasso,covariance,_graph_lasso,GraphicalLasso,
GraphicalLassoCV,<class 'sklearn.covariance._graph_lasso.GraphicalLassoCV'>,All,<class 'sklearn.covariance._graph_lasso.GraphicalLassoCV'>,sklearn.covariance._graph_lasso.GraphicalLassoCV,covariance,_graph_lasso,GraphicalLassoCV,
GridSearchCV,<class 'sklearn.model_selection._search.GridSearchCV'>,All,<class 'sklearn.model_selection._search.GridSearchCV'>,sklearn.model_selection._search.GridSearchCV,model_selection,_search,GridSearchCV,
IsolationForest,<class 'sklearn.ensemble._iforest.IsolationForest'>,All,<class 'sklearn.ensemble._iforest.IsolationForest'>,sklearn.ensemble._iforest.IsolationForest,ensemble,_iforest,IsolationForest,
KernelDensity,<class 'sklearn.neighbors._kde.KernelDensity'>,All,<class 'sklearn.neighbors._kde.KernelDensity'>,sklearn.neighbors._kde.KernelDensity,neighbors,_kde,KernelDensity,
LedoitWolf,<class 'sklearn.covariance._shrunk_covariance.LedoitWolf'>,All,<class 'sklearn.covariance._shrunk_covariance.LedoitWolf'>,sklearn.covariance._shrunk_covariance.LedoitWolf,covariance,_shrunk_covariance,LedoitWolf,
LocalOutlierFactor,<class 'sklearn.neighbors._lof.LocalOutlierFactor'>,All,<class 'sklearn.neighbors._lof.LocalOutlierFactor'>,sklearn.neighbors._lof.LocalOutlierFactor,neighbors,_lof,LocalOutlierFactor,
MDS,<class 'sklearn.manifold._mds.MDS'>,All,<class 'sklearn.manifold._mds.MDS'>,sklearn.manifold._mds.MDS,manifold,_mds,MDS,
MinCovDet,<class 'sklearn.covariance._robust_covariance.MinCovDet'>,All,<class 'sklearn.covariance._robust_covariance.MinCovDet'>,sklearn.covariance._robust_covariance.MinCovDet,covariance,_robust_covariance,MinCovDet,
NearestNeighbors,<class 'sklearn.neighbors._unsupervised.NearestNeighbors'>,All,<class 'sklearn.neighbors._unsupervised.NearestNeighbors'>,sklearn.neighbors._unsupervised.NearestNeighbors,neighbors,_unsupervised,NearestNeighbors,
OAS,<class 'sklearn.covariance._shrunk_covariance.OAS'>,All,<class 'sklearn.covariance._shrunk_covariance.OAS'>,sklearn.covariance._shrunk_covariance.OAS,covariance,_shrunk_covariance,OAS,
OneClassSVM,<class 'sklearn.svm._classes.OneClassSVM'>,All,<class 'sklearn.svm._classes.OneClassSVM'>,sklearn.svm._classes.OneClassSVM,svm,_classes,OneClassSVM,
Pipeline,<class 'sklearn.pipeline.Pipeline'>,All,<class 'sklearn.pipeline.Pipeline'>,sklearn.pipeline.Pipeline,pipeline,Pipeline,,
RandomizedSearchCV,<class 'sklearn.model_selection._search.RandomizedSearchCV'>,All,<class 'sklearn.model_selection._search.RandomizedSearchCV'>,sklearn.model_selection._search.RandomizedSearchCV,model_selection,_search,RandomizedSearchCV,
SGDOneClassSVM,<class 'sklearn.linear_model._stochastic_gradient.SGDOneClassSVM'>,All,<class 'sklearn.linear_model._stochastic_gradient.SGDOneClassSVM'>,sklearn.linear_model._stochastic_gradient.SGDOneClassSVM,linear_model,_stochastic_gradient,SGDOneClassSVM,
ShrunkCovariance,<class 'sklearn.covariance._shrunk_covariance.ShrunkCovariance'>,All,<class 'sklearn.covariance._shrunk_covariance.ShrunkCovariance'>,sklearn.covariance._shrunk_covariance.ShrunkCovariance,covariance,_shrunk_covariance,ShrunkCovariance,
SpectralBiclustering,<class 'sklearn.cluster._bicluster.SpectralBiclustering'>,All,<class 'sklearn.cluster._bicluster.SpectralBiclustering'>,sklearn.cluster._bicluster.SpectralBiclustering,cluster,_bicluster,SpectralBiclustering,
SpectralCoclustering,<class 'sklearn.cluster._bicluster.SpectralCoclustering'>,All,<class 'sklearn.cluster._bicluster.SpectralCoclustering'>,sklearn.cluster._bicluster.SpectralCoclustering,cluster,_bicluster,SpectralCoclustering,
SpectralEmbedding,<class 'sklearn.manifold._spectral_embedding.SpectralEmbedding'>,All,<class 'sklearn.manifold._spectral_embedding.SpectralEmbedding'>,sklearn.manifold._spectral_embedding.SpectralEmbedding,manifold,_spectral_embedding,SpectralEmbedding,
TfidfVectorizer,<class 'sklearn.feature_extraction.text.TfidfVectorizer'>,All,<class 'sklearn.feature_extraction.text.TfidfVectorizer'>,sklearn.feature_extraction.text.TfidfVectorizer,feature_extraction,text,TfidfVectorizer,
