Function,Parameters,Type,Definition,Folder
binary_complex_equivlance,df,,,feature_engineering.py
binary_complex_equivlance,col,,,feature_engineering.py
binary_complex_equivlance,col1,,,feature_engineering.py
binary_complex_equivlance,new_column_name,,,feature_engineering.py
binary_column_creator,df,,,feature_engineering.py
binary_column_creator,column_name,,,feature_engineering.py
binary_column_creator,new_column_name,,,feature_engineering.py
binary_column_creator,value,,,feature_engineering.py
binary_column_creator,calculation,,,feature_engineering.py
binary_column_creator,balance_column,,,feature_engineering.py
custom_preprocessor,df,,,SY_M_SUPPORT.py
custom_preprocessor,data_dictionary_df,,,SY_M_SUPPORT.py
custom_preprocessor,index_name,,,SY_M_SUPPORT.py
Heatmap,df,,,SY_M_SUPPORT.py
Heatmap,correlation,,,SY_M_SUPPORT.py
Heatmap,column_list,,,SY_M_SUPPORT.py
Heatmap,title,,,SY_M_SUPPORT.py
Heatmap,cmap,,,SY_M_SUPPORT.py
Heatmap,annotate,,,SY_M_SUPPORT.py
Heatmap,x_rotate,,,SY_M_SUPPORT.py
Heatmap,y_rotate,,,SY_M_SUPPORT.py
Heatmap,cbar,,,SY_M_SUPPORT.py
Heatmap,set_center,,,SY_M_SUPPORT.py
Heatmap,figsize,,,SY_M_SUPPORT.py
make_kmeans_pipeline,X,,,SY_M_SUPPORT.py
make_kmeans_pipeline,data_dictionary_df,,,SY_M_SUPPORT.py
make_kmeans_pipeline,index_name,,,SY_M_SUPPORT.py
make_kmeans_pipeline,n_clusters,,,SY_M_SUPPORT.py
create_clustering_visualization,df,,,SY_M_SUPPORT.py
create_clustering_visualization,pipeline_object,,,SY_M_SUPPORT.py
create_clustering_visualization,name_map,,,SY_M_SUPPORT.py
scatter_from_dataframe,df,,,SY_M_SUPPORT.py
scatter_from_dataframe,x_col,,,SY_M_SUPPORT.py
scatter_from_dataframe,y_col,,,SY_M_SUPPORT.py
scatter_from_dataframe,x_label,,,SY_M_SUPPORT.py
scatter_from_dataframe,y_label,,,SY_M_SUPPORT.py
scatter_from_dataframe,color_col,,,SY_M_SUPPORT.py
scatter_from_dataframe,title,,,SY_M_SUPPORT.py
scatter_from_dataframe,x_axis_limit,,,SY_M_SUPPORT.py
scatter_from_dataframe,y_axis_limit,,,SY_M_SUPPORT.py
sample_score_silhouette,df,,,SY_M_SUPPORT.py
sample_score_silhouette,label,,,SY_M_SUPPORT.py
sample_score_silhouette,metric,,,SY_M_SUPPORT.py
sample_score_silhouette,sample_size,,,SY_M_SUPPORT.py
iteratively_test_sampled_model_performance,model_testing_function,,,SY_M_SUPPORT.py
iteratively_test_sampled_model_performance,sample_size,,,SY_M_SUPPORT.py
iteratively_test_sampled_model_performance,iterations_,,,SY_M_SUPPORT.py
iteratively_test_sampled_model_performance,maximum_run_time,,,SY_M_SUPPORT.py
iteratively_test_sampled_model_performance,threshold,,,SY_M_SUPPORT.py
feature_importance_by_clusters,df,,,SY_M_SUPPORT.py
feature_importance_by_clusters,cluster_labels,,,SY_M_SUPPORT.py
feature_importance_by_clusters,features,,,SY_M_SUPPORT.py
mutual_information_per_feature,df,,,SY_M_SUPPORT.py
mutual_information_per_feature,cluster_labels,,,SY_M_SUPPORT.py
mutual_information_per_feature,features,,,SY_M_SUPPORT.py
mutual_information_per_feature,n_bins,,,SY_M_SUPPORT.py
SampleDataFrame,df,pd.DataFrame,The dataset to sample from.,statistical.py
SampleDataFrame,conf,float,"Desired Confidence Percentage Level (e.g., 90, 95, 99).",statistical.py
SampleDataFrame,me,float,"Margin of Error, (default is 5%).",statistical.py
SampleDataFrame,mv,float,Maximum Variability (Expected Level of Default),statistical.py
SampleDataFrame,print_,,,statistical.py
SampleDataFrame,new_column_name,,,statistical.py
inspect_function,function_name,str,Name of Function which is Loaded into Current Python Session Memory,utility_functions.py
view_df,df,dataframe,Any Dataframe,utility_functions.py
view_df,update_decimal,int,Number of Default Decimal Places to Show in Notebook,utility_functions.py
password_generator,minimum,int,Minimum Number of Required Characters,utility_functions.py
password_generator,maximum,int,Maximum Number of Required Characters,utility_functions.py
view_entire_df_column,df,df,Dataframe,utility_functions.py
view_entire_df_column,index_,int,"Index Row Position of record you would like to be printed in Notebook, default is 0.",utility_functions.py
dict_to_dataframe,dict_,,,dict_processing.py
dict_to_dataframe,key_name,str,Name of Column which will include values from Key (Default is KEY),dict_processing.py
dict_to_dataframe,value_name,str,Name of Column which will include values from Values (Default is Value),dict_processing.py
flatten_clean_dict,dict_,dict,Nested Dictionary,dict_processing.py
flatten_clean_dict,index_name,str,Default Name of Column to be applied to First Level Dictionary in DataFrame.,dict_processing.py
flatten_clean_dict,clean,bool,"Used to convert a single flat DF to a Matrix, which each new column",dict_processing.py
flatten_clean_dict,apply_new_lvl,,,dict_processing.py
flatten_clean_dict,high_low_list_fix,bool,"Optional Arguement, used for resolution of list [0,1] dict extraction.",dict_processing.py
calculate_relationship_edge_score,df,,,graph_theory.py
calculate_relationship_edge_score,primary_id,,,graph_theory.py
calculate_relationship_edge_score,secondary_id,,,graph_theory.py
calculate_relationship_edge_score,weight,,,graph_theory.py
calculate_relationship_score,pair_score_df,,,graph_theory.py
calculate_relationship_score,entity_1,,,graph_theory.py
calculate_relationship_score,entity_2,,,graph_theory.py
calculate_relationship_score,relationship_score,,,graph_theory.py
calculate_relationship_score,group_id_name,,,graph_theory.py
calculate_relationship_score,relationship_threshold,,,graph_theory.py
read_directory,location,str,The path to the directory. Defaults to the current working directory if not provided.,shared_folder.py
read_directory,file_type,str,"The file extension or type to filter by (e.g., '.ipynb'). If empty, returns all files.",shared_folder.py
read_directory,match_str,str,,shared_folder.py
text_file_import,file_name,,,shared_folder.py
text_file_import,encoding,,,shared_folder.py
parse_dot_py_file,file_text,str,Full text of a .py file.,shared_folder.py
list_to_dataframe,list_,list,List of Values to be iterated into Row.,list_processing.py
list_to_dataframe,column_name_list,list,"Name of Column to be added, add as List.",list_processing.py
random_uniform_normalized_list,n,int,Number of Values to Return in list.,list_processing.py
random_uniform_normalized_list,skew,int,"Skew to include in data, Values Greater than 0 will create",list_processing.py
random_choice_from_uniform_list,total_records,int,Number of records to be returned in list.,list_processing.py
random_choice_from_uniform_list,name,str,Name of Random Records.,list_processing.py
random_choice_from_uniform_list,distinct_entities,int,"If populated, it will be used to generate a random distribution of defined values, also used as the number of reocrds",list_processing.py
random_choice_from_uniform_list,list_distribution,list,Distribution to be used for random sampling.,list_processing.py
random_choice_from_uniform_list,return_value,str,"Default to None, and will return a list. Can input 'df' to return a dataframe",list_processing.py
random_choice_from_uniform_list,skew,float,Skew to include in random distribution.,list_processing.py
import_d_google_sheet,definition,str,"Value to be Filtered from D Mapping Sheet, using Column Definition. Which is the name of the sheet.",connections.py
read_git_folder,owner,str,As defined in Git Mapping Structure,connections.py
read_git_folder,repo,str,As defined in Git Mapping Structure,connections.py
read_git_folder,branch,str,As defined in Git Mapping Structure,connections.py
read_git_folder,folder,str,As defined in Git Mapping Structure,connections.py
read_git_file,git_url,str,"Link of Git URL, can be populated using read_git_folder",connections.py
download_file_from_git,user,,,connections.py
download_file_from_git,repo,,,connections.py
download_file_from_git,folder,,,connections.py
download_file_from_git,export_folder,,,connections.py
backup_google_worksheets,export_folder,,,connections.py
pick_from_dict,dict_,,,synthetic_member.py
pick_from_dict,text,,,synthetic_member.py
calculate_rng_from_df_low_high,df,,,synthetic_member.py
calculate_rng_from_df_low_high,new_column_name,,,synthetic_member.py
calculate_rng_from_df_low_high,low,,,synthetic_member.py
calculate_rng_from_df_low_high,high,,,synthetic_member.py
calculate_rng_from_df_low_high,decimal,,,synthetic_member.py
calculate_rng_from_df_low_high,distribution,,,synthetic_member.py
calculate_rng_from_df_low_high,skew,,,synthetic_member.py
simplistic_engagement_calculation,df,,,synthetic_member.py
simplistic_engagement_calculation,new_column_name,,,synthetic_member.py
create_column_from_dict_distribution,df,,,synthetic_member.py
create_column_from_dict_distribution,column_name,,,synthetic_member.py
create_column_from_dict_distribution,new_column_name,,,synthetic_member.py
create_column_from_dict_distribution,cdf_dict,,,synthetic_member.py
create_column_from_dict_distribution,calculation,,,synthetic_member.py
calculate_distribution_from_dictlist,dict_,,,synthetic_member.py
calculate_distribution_from_dictlist,decimals,,,synthetic_member.py
create_random_value_from_dict,df,,,synthetic_member.py
create_random_value_from_dict,dict_,,,synthetic_member.py
create_random_value_from_dict,dict_lvl,,,synthetic_member.py
create_random_value_from_dict,decimals,,,synthetic_member.py
decouple_txn,df,,,synthetic_member.py
decouple_txn,reference_value,,,synthetic_member.py
decouple_txn,txn_dict,,,synthetic_member.py
decouple_txn,primary_key,,,synthetic_member.py
decouple_txn,exclude_non_ho,,,synthetic_member.py
update_growth_rates,df,,,synthetic_member.py
update_growth_rates,cols,,,synthetic_member.py
create_mbr_information,branch_df,,,synthetic_member.py
create_mbr_information,branch_profile_dict,,,synthetic_member.py
create_mbr_information,mbr_profile_df,,,synthetic_member.py
create_mbr_information,start_date,,,synthetic_member.py
create_mbr_information,mbr_nbr_start,,,synthetic_member.py
create_mbr_information,columns_not_weights,,,synthetic_member.py
create_branch,unique_records,,,synthetic_member.py
create_branch,legacy_distribution,,,synthetic_member.py
create_txn_df,df,,,synthetic_member.py
create_txn_df,exclude,,,synthetic_member.py
generate_historical_data,mbr_df,,,synthetic_member.py
generate_historical_data,total_months,,,synthetic_member.py
generate_historical_data,start_date,,,synthetic_member.py
progress_df_one_month,df,,,synthetic_member.py
progress_df_one_month,start_date,,,synthetic_member.py
generate_synthetic_dataset,number_branches,,,synthetic_member.py
generate_synthetic_dataset,total_months,,,synthetic_member.py
generate_synthetic_dataset,legacy_distribution,,,synthetic_member.py
generate_synthetic_dataset,start_date,,,synthetic_member.py
transpose_df,df,DataFrame,The input pandas DataFrame.,synthetic_member.py
transpose_df,index,list,Columns to retain as identifiers (will remain unchanged).,synthetic_member.py
transpose_df,columns,list,Columns to unpivot into key-value pairs.,synthetic_member.py
random_uniform_normalized_list,n,int,Number of Values to Return in list.,synthetic_member.py
random_uniform_normalized_list,skew,int,"Skew to include in data, Values Greater than 0 will create",synthetic_member.py
random_choice_from_uniform_list,total_records,int,Number of records to be returned in list.,synthetic_member.py
random_choice_from_uniform_list,name,str,Name of Random Records.,synthetic_member.py
random_choice_from_uniform_list,distinct_entities,int,"If populated, it will be used to generate a random distribution of defined values, also used as the number of reocrds",synthetic_member.py
random_choice_from_uniform_list,list_distribution,list,Distribution to be used for random sampling.,synthetic_member.py
random_choice_from_uniform_list,return_value,str,"Default to None, and will return a list. Can input 'df' to return a dataframe",synthetic_member.py
random_choice_from_uniform_list,skew,float,Skew to include in random distribution.,synthetic_member.py
replicate_df_row,df,dataframe,"DataFrame which you wish to extend, should be a Single Row, but techincally it will duplicate any size",synthetic_member.py
replicate_df_row,records,int,"Number of times you wish DF to be duplicated, ideally it should be len(other_df) to which you want to multiply",synthetic_member.py
random_uniform_normalized_df,unique_records,,,synthetic_member.py
random_uniform_normalized_df,name,str,Name of Column to Included (values will be numbered).,synthetic_member.py
random_uniform_normalized_df,skew,float,"If Data is to have a skewed distribution, 1 will be normal uniform (mean=1,std_dev=0). **kwargs: Should be List of values equalling 1, to create a new random value.",synthetic_member.py
time_series_statistics,df,,,synthetic_member.py
time_series_statistics,calculuation_periods,,,synthetic_member.py
time_series_statistics,skipna,,,synthetic_member.py
flatten_clean_dict,dict_,dict,Nested Dictionary,synthetic_member.py
flatten_clean_dict,index_name,str,Default Name of Column to be applied to First Level Dictionary in DataFrame.,synthetic_member.py
flatten_clean_dict,clean,bool,"Used to convert a single flat DF to a Matrix, which each new column",synthetic_member.py
flatten_clean_dict,apply_new_lvl,,,synthetic_member.py
flatten_clean_dict,high_low_list_fix,,,synthetic_member.py
Heatmap,df,,,visualization.py
Heatmap,correlation,,,visualization.py
Heatmap,column_list,,,visualization.py
Heatmap,title,,,visualization.py
Heatmap,cmap,,,visualization.py
Heatmap,annotate,,,visualization.py
Heatmap,x_rotate,,,visualization.py
Heatmap,y_rotate,,,visualization.py
Heatmap,cbar,,,visualization.py
Heatmap,set_center,,,visualization.py
Heatmap,figsize,,,visualization.py
visualize_hex_color,hex_color_list,list[str],"List of colors (e.g., [""#FF0000"", ""#00FF00""]).",visualization.py
visualize_hex_color,columns,int,Number of columns in the grid.,visualization.py
visualize_hex_color,rows,int,Number of rows in the grid.,visualization.py
visualize_hex_color,title_fontsize,int,Font size for hex labels.,visualization.py
FunctionToSTR,func,function,Python Function,string_processing.py
compare_function,func1,function,Python Function,string_processing.py
compare_function,func2,function,Python Function,string_processing.py
compare_function,additional_records,int,Number of String Characters for each function which will be displayed after the point of identifying difference.,string_processing.py
compare_function,strip_docstring,bool,Boolean to determine whether you wish to compare the Doc String aswell as the function.,string_processing.py
word_counts_from_column,df,df,DataFrame,string_processing.py
word_counts_from_column,column_name,str,Column containing text to iterate through.,string_processing.py
word_counts_from_column,lower,bool,Apply Lowercasing for consistency before counting.,string_processing.py
word_counts_from_column,pattern,re,"r""[A-Za-z']+"". Regex for tokens (words). Adjust for unicode if needed.",string_processing.py
word_counts_from_column,min_len,int,Minimum token length to keep.,string_processing.py
word_counts_from_column,dropna,bool,Whether to drop empty tokens.,string_processing.py
df_column_compare,df,dataframe,Dataframe,data_validation.py
df_column_compare,df1,dataframe,DataFrame,data_validation.py
df_column_compare,return_df,,,data_validation.py
merge_identical_df,df,,,data_validation.py
merge_identical_df,df1,,,data_validation.py
merge_identical_df,primary_key_list,list,List of Primary Key Values,data_validation.py
merge_identical_df,column_distinction,str,Value which will be added to Columns in DF1 to distinguish records once connsolidated,data_validation.py
merge_identical_df,include_merge,True/False,Value to identify whether inclusion or _merge field when combining columns,data_validation.py
get_decile,df,df,Any DataFrame,data_validation.py
get_decile,column_name,str,Column Name of Any Numeric Column,data_validation.py
get_decile,n,,,data_validation.py
get_segments,df,df,Any Dataframe,data_validation.py
get_segments,column_name,str,Name of Column,data_validation.py
get_segments,number_segments,int,Number of Segments to be Calculated. Note that to cut segments it is required to calculate N+1,data_validation.py
round_up_power10,series,pd.Series,Series or Array.,data_validation.py
round_up_power10,infer_neg_vals,bool,Logical condition to determine whether values of 0 or,data_validation.py
column_comparison,df,,,data_validation.py
column_comparison,column_name,str,,data_validation.py
column_comparison,column_name1,str,,data_validation.py
column_comparison,metric_name,,,data_validation.py
column_comparison,bin_list,,,data_validation.py
column_comparison,retain_columns,,,data_validation.py
column_comparison,number_segments,,,data_validation.py
column_comparison,force_segmentation,,,data_validation.py
df_column_comparison,df,df,Dataframe,data_validation.py
df_column_comparison,column_list,,,data_validation.py
df_column_comparison,column_distinction,,,data_validation.py
df_column_comparison,retain_columns,,,data_validation.py
df_column_comparison,bin_list,,,data_validation.py
df_column_comparison,number_segments,,,data_validation.py
df_column_comparison,force_segmentation,,,data_validation.py
column_segmenter,df,df,DataFrame,data_validation.py
column_segmenter,column_name,str,Name of Column to be Analyzed.,data_validation.py
column_segmenter,new_column_name,str,Name of column to be created in DF if a list of edges is not selected,data_validation.py
column_segmenter,bin_list,list,LIst of predetermined Bins where User wants to define themselves.,data_validation.py
column_segmenter,number_segments,list,Predetermined and requested listing from User.,data_validation.py
column_segmenter,force_segmentation,bool,Item to force the return of edges as defined in function by removing duplication in DF,data_validation.py
column_segmenter,leading_text,str,Optional Text to be added into Text Segment before Number is presented,data_validation.py
column_segmenter,format_,str,Optional f-string based formating to apply to number,data_validation.py
column_segmenter,print_,bool,Optional Print statement so you can easily see the brackets in print as created.,data_validation.py
column_segmenter,return_value,str,"Indication of what user would like in return. ("""",bin_list,segment_dict)",data_validation.py
segment_to_text,df,df,,data_validation.py
segment_to_text,segment_dict,dict,,data_validation.py
segment_to_text,value_col,,,data_validation.py
segment_to_text,index_col,,,data_validation.py
segment_to_text,new_column_name,,,data_validation.py
segment_to_text,leading_text,str,Optional Text to be added into Text Segment before Number is presented,data_validation.py
segment_to_text,format_,str,Optional f-string based formating to apply to number,data_validation.py
segment_to_text,print_,bool,Optional Print statement so you can easily see the brackets in print as created.,data_validation.py
historical_month_end_list,end_dt,datetime,"Last date in period. Remember it is month end, so technically it will not return this month unless it is a month end date",date_functions.py
historical_month_end_list,total_months,int,"Total number of records in list, by default it will be 12.",date_functions.py
historical_month_end_list,sort_ascending,bool,"True/False to Determine whether end_dt will be the First, or Last value in list. By default (True) it is the Last",date_functions.py
historical_month_end_list,format_,str,"Optional Argument to change the format of the values in list, 5 options incude (if valid option not selected, datetime returned). Valid options include: '%d-%b-%y', '%b-%y', timestamp, dt_date.",date_functions.py
convert_df_date,df,,,date_functions.py
convert_df_date,column_name,str,Name of Column to Convert,date_functions.py
convert_df_date,new_column_name,str,"If populated, it will create a new column Name, otherwise it will replace column_name",date_functions.py
convert_df_date,normalize,int,"Binary Flag, to Normalize Time to 00:00:00 If 0 then no normalization, if 1 then normalize.",date_functions.py
top_x_records,data,,,eda_dq.py
top_x_records,column_name,,,eda_dq.py
top_x_records,top_n,,,eda_dq.py
top_x_records,dropna,,,eda_dq.py
column_statistical_review,df,df,Any DataFrame.,eda_dq.py
column_statistical_review,column_name,str,Name of particular column to where function will be applied.,eda_dq.py
column_statistical_review,partitions,int,"Number of Partitions to be applied in returned DF (default is 10, if 0 nothing returned.)",eda_dq.py
column_statistical_review,top_records_to_include,int,"Number of Top Records to be returned in DF (default is 5, if 0 nothing returned.)",eda_dq.py
column_statistical_review,cummulative_sum,bool,"Boolean, if True, will add the Cummulative Sum Value into the Return DF",eda_dq.py
column_statistical_review,cummulative_percent,bool,"Boolean, if True, will add the Cummulative Sum Percent  into the Return DF",eda_dq.py
column_statistical_review,remove_null_from_decile,bool,"Boolean, if true, it will remove Null and NA values from Caluclation of Decile",eda_dq.py
column_statistical_review,remove_zero_from_decile,bool,"Boolean, if true, it will remove Zero values from Caluclation of Decile",eda_dq.py
ReviewEntireDataframe,df,,,eda_dq.py
ReviewEntireDataframe,file_name,,,eda_dq.py
generate_dictionary,notes_df,df,"If Blank, then Function will generate call",daily_processes.py
generate_dictionary,definition_df,,,daily_processes.py
generate_dictionary,export_location,,,daily_processes.py
create_py_table_dict,base_location,str,Location of Windows Directory containing .py Files.,daily_processes.py
create_py_table_dict,export_location,,,daily_processes.py
parse_dot_py_folder,location,str,Windows or Mac OS Folder Directory (defaults to D's Mac Directory),daily_processes.py
parse_dot_py_folder,export_location,str,"Location to where CSV file is to be exported. If left Blank, will not export a CSV.",daily_processes.py
daily_test,observations,,,daily_processes.py
daily_test,file_location,,,daily_processes.py
review_test_results,file_location,,,daily_processes.py
review_test_results,sample_records,,,daily_processes.py
input1,module,module,Py file containing Dict.,input_functions_ignore.py
input2,module,module,Py file containing Lists.,input_functions_ignore.py
input3,module,module,Py file containing Strings.,input_functions_ignore.py
ConvertListtoSQLText,list_,,,sql_.py
ConvertListtoSQLText,return_value,,,sql_.py
ConvertListtoSQLText,column_name,str,"In combination with Return Value, name of column in SQL Table Creation. sql_query: Statement after the CTE table statement.",sql_.py
ConvertListtoSQLText,sql_query,,,sql_.py
generate_create_table_sql,df,df,Any DataFrame,sql_.py
generate_create_table_sql,table_name,str,desired name for the SQL table,sql_.py
generate_create_table_sql,schema,str,Target Schema Name,sql_.py
generate_create_table_sql,db,str,"Database Name (function designed for Analytics, but can be applied to any MS SQL)",sql_.py
TableRecordCountByDate,table_dict,"Dict[str, str]",Mapping of table name -> date column name.,sql_.py
TableRecordCountByDate,end_date,,,sql_.py
TableRecordCountByDate,total_days,,,sql_.py
data_preparation_checklist,df,,,data_sets.py
data_preparation_checklist,word_list,,,data_sets.py
create_baseball_stats,years,,,data_sets.py
create_baseball_stats,games_per_year,,,data_sets.py
create_baseball_stats,teams,,,data_sets.py
create_baseball_stats,players,,,data_sets.py
create_baseball_stats,seed,,,data_sets.py
gpt_question,list_,,,data_d_strings.py
gpt_question,word_list,,,data_d_strings.py
template_doc_string_print,text_,,,data_d_strings.py
BinaryComplexEquivlancey,df,,,df_processing.py
BinaryComplexEquivlancey,col,,,df_processing.py
BinaryComplexEquivlancey,col1,,,df_processing.py
BinaryComplexEquivlancey,new_column_name,,,df_processing.py
binary_column_creator,df,,,df_processing.py
binary_column_creator,column_name,,,df_processing.py
binary_column_creator,new_column_name,,,df_processing.py
binary_column_creator,value,,,df_processing.py
binary_column_creator,calculation,,,df_processing.py
binary_column_creator,balance_column,,,df_processing.py
notes_df_to_outline_html,df,df,Any DataFrame,df_processing.py
notes_df_to_outline_html,column_order,list,"List of Columns to Include, in Order. If not defined, all will be included.",df_processing.py
final_dataset_for_markdown,notes,df,DataFrame of D Notes as stored in: https://docs.google.com/spreadsheets/d/e/2PACX-1vSQF2lNc4WPeTRQ_VzWPkqSZp4RODFkbap8AqmolWp5bKoMaslP2oRVVG21x2POu_JcbF1tGRcBgodu/pub?output=csv,df_processing.py
final_dataset_for_markdown,definitions,df,DataFrame of D Definitions as stored in: https://docs.google.com/spreadsheets/d/e/2PACX-1vQq1-3cTas8DCWBa2NKYhVFXpl8kLaFDohg0zMfNTAU_Fiw6aIFLWfA5zRem4eSaGPa7UiQvkz05loW/pub?output=csv,df_processing.py
final_dataset_for_markdown,export_location,str,"Location of where to Save CSV File. If blank, no CSV is made. date_created:20-Dec-25 date_last_modified: 21-Dec-25 classification:TBD sub_classification:TBD usage: final_dataset_for_markdown() ############## Has been tested for a Single Value - Machine Learning. Need to Validate once extending. ##############",df_processing.py
random_uniform_normalized_df,unique_records,,,df_processing.py
random_uniform_normalized_df,name,str,Name of Column to Included (values will be numbered).,df_processing.py
random_uniform_normalized_df,skew,float,"If Data is to have a skewed distribution, 1 will be normal uniform (mean=1,std_dev=0). **kwargs: Should be List of values equalling 1, to create a new random value.",df_processing.py
df_to_dict,df,df,Any DataFrame,df_processing.py
df_to_dict,key,str,String representing Column Name for Dictionary Key,df_processing.py
df_to_dict,value,str,String representing Column Name for Value Key,df_processing.py
replicate_df_row,df,dataframe,"DataFrame which you wish to extend, should be a Single Row, but techincally it will duplicate any size",df_processing.py
replicate_df_row,records,int,"Number of times you wish DF to be duplicated, ideally it should be len(other_df) to which you want to multiply",df_processing.py
tranpose_df,df,DataFrame,The input pandas DataFrame.,df_processing.py
tranpose_df,index,list,Columns to retain as identifiers (will remain unchanged).,df_processing.py
tranpose_df,columns,list,Columns to unpivot into key-value pairs.,df_processing.py
export_to_excel,df,,,df_processing.py
export_to_excel,file_name,,,df_processing.py
export_to_excel,sheet_name,str,Name of Sheet to be utilized in Excel.,df_processing.py
export_to_excel,default_max_width,int,Default Column Width,df_processing.py
export_to_excel,long_columns,list,"Any column which would be requested to have a default column width beyond 30, include in thelist",df_processing.py
export_to_excel,long_max_width,int,Max width for long_columns,df_processing.py
transpose_df,df,DataFrame,The input pandas DataFrame.,df_processing.py
transpose_df,index,list,Columns to retain as identifiers (will remain unchanged).,df_processing.py
transpose_df,columns,list,Columns to unpivot into key-value pairs.,df_processing.py
Reference String,today,str,07-Feb-26,data_d_strings.py
Reference String,template_doc_string,str,"

    Definition of Function

    Parameters:
        List of Parameters

    Returns:
        Object Type

    date_created:07-Feb-26
    date_last_modified: 07-Feb-26
    classification:TBD
    sub_classification:TBD
    usage:
        Example Function Call
",data_d_strings.py
function_table_dictionary,connections,dict,Functions Connecting to External Data Sources,data_d_lists.py
function_table_dictionary,data_d_dicts,dict,Repository of Dictionaries which have been saved for Easy Use and Reference,data_d_lists.py
function_table_dictionary,data_d_lists,dict,Repository of Lists which have been saved for Easy Use and Reference,data_d_lists.py
function_table_dictionary,data_d_strings,dict,Repository of Strings which have been saved for Easy Use and Reference,data_d_lists.py
function_table_dictionary,df_processing,dict,"Functions related to dataframe Transformations, including; Filtering, Slicing, Parsing, Transposing. Individual Column Level Transformations Primarily in FeatureEngineering",data_d_lists.py
function_table_dictionary,dict_processing,dict,"Functions related to Manipulating, Transforming and Altering Dictionaries",data_d_lists.py
function_table_dictionary,input_functions_ignore,dict,"Functions which are Created for Single Use, or I can not reconcile their purpose, but they are used as Input for previosuly created functions",data_d_lists.py
function_table_dictionary,list_processing,dict,"Functions related to Manipulating, Transforming and Altering Lists",data_d_lists.py
function_table_dictionary,string_processing,dict,"Functions related to Manipulating, Transforming and Altering Strings",data_d_lists.py
function_table_dictionary,shared_folder,dict,"Functions related to Management, Maintenance and Upkeep of Windows and Mac OS File Folders",data_d_lists.py
function_table_dictionary,sql_,dict,Functions related to Processing of SQL,data_d_lists.py
function_table_dictionary,utility_functions,dict,"Functions which are in development, do not nicely fit into the existing schema, or otherwise need attention",data_d_lists.py
tbd,data_creation,dict,"Functions related to the creation of Data, for testing, reference or validation",data_d_lists.py
tbd,df_eda,dict,"Functions related to the Structured Exploration of Datasets, to understand and explain",data_d_lists.py
tbd,date_functions,dict,"Functions related Manipulation, Change and process of datetime",data_d_lists.py
tbd,df_stats,dict,"Functions utilizing Statistical Concepts, and Calculations",data_d_lists.py
tbd,feature_engineering,dict,"Functions related to the creation of New Columns, excludes TEXT cleaning.",data_d_lists.py
tbd,ml_pipeline,dict,"Functions related to Custom Build ML Pipelines, Approaches and Techniques",data_d_lists.py
tbd,validations,dict,"Functions related to Validation of Dataframes, Data Sets and Comparisons. This differs from EDA, where it is only about understanding, not Comparison",data_d_lists.py
links,google_mapping_sheet_csv,dict,https://docs.google.com/spreadsheets/d/e/2PACX-1vSwDznLz-GKgWFT1uN0XZYm3bsos899I9MS-pSvEoDC-Cjqo9CWeEuSdjitxjqzF3O39LmjJB0_Fg-B/pub?output=csv,data_d_lists.py
links,google_notes_csv,dict,https://docs.google.com/spreadsheets/d/e/2PACX-1vSQF2lNc4WPeTRQ_VzWPkqSZp4RODFkbap8AqmolWp5bKoMaslP2oRVVG21x2POu_JcbF1tGRcBgodu/pub?output=csv,data_d_lists.py
links,google_definition_csv,dict,https://docs.google.com/spreadsheets/d/e/2PACX-1vQq1-3cTas8DCWBa2NKYhVFXpl8kLaFDohg0zMfNTAU_Fiw6aIFLWfA5zRem4eSaGPa7UiQvkz05loW/pub?output=csv,data_d_lists.py
links,google_word_quote,dict,https://docs.google.com/spreadsheets/d/e/2PACX-1vTjXiFjpGgyqWDg9RImj1HR_BeriXs4c5-NSJVwQFn2eRKksitY46oJT0GvVX366LO-m1GM8znXDcBp/pub?gid=1117793378&single=true&output=csv,data_d_lists.py
links,google_daily_activities,dict,https://docs.google.com/spreadsheets/d/e/2PACX-1vTjXiFjpGgyqWDg9RImj1HR_BeriXs4c5-NSJVwQFn2eRKksitY46oJT0GvVX366LO-m1GM8znXDcBp/pub?gid=472900611&single=true&output=csv,data_d_lists.py
links,function_list_url,dict,https://raw.githubusercontent.com/derek-dewald/Python_Tools/main/Streamlit/DataDictionary/python_function_list.csv,data_d_lists.py
links,parameter_list_url,dict,https://raw.githubusercontent.com/derek-dewald/Python_Tools/main/Streamlit/DataDictionary/python_function_parameters.csv,data_d_lists.py
links,folder_toc_url,dict,https://raw.githubusercontent.com/derek-dewald/Python_Tools/main/Streamlit/DataDictionary/folder_listing.csv,data_d_lists.py
links,d_learning_notes_url,dict,https://raw.githubusercontent.com/derek-dewald/Python_Tools/main/Streamlit/DataDictionary/d_learning_notes.csv,data_d_lists.py
links,technical_notes,dict,https://docs.google.com/spreadsheets/d/e/2PACX-1vSnwd-zccEOQbpNWdItUG0qXND5rPVFbowZINjugi15TdWgqiy3A8eMRhbmSMBiRhHt1Qsry3E8tKY8/pub?output=csv,data_d_lists.py
emoji_dict,STATUS,dict,"{'label': 'Status / Progress / Outcome', 'description': 'Execution state, progress tracking, completion, and flow of work.', 'emojis': ['âœ…', 'âœ”ï¸', 'â¸ï¸', 'ğŸŸ¢', 'ğŸŸ¡', 'ğŸ”´', 'â³', 'ğŸ•', 'ğŸ“¤', 'ğŸ“¥', 'ğŸ—‚ï¸']}",data_d_lists.py
emoji_dict,DATA,dict,"{'label': 'Data / Analytics / Artifacts', 'description': 'Raw data, analytical outputs, reports, documentation, and structured artifacts.', 'emojis': ['ğŸ“Š', 'ğŸ“ˆ', 'ğŸ“‰', 'ğŸ“‹', 'ğŸ“', 'ğŸ“š', 'ğŸ”¢', 'ğŸ“¦', 'ğŸ§¾']}",data_d_lists.py
emoji_dict,QUALITY,dict,"{'label': 'Data Quality / Validity / Trust', 'description': 'Data cleanliness, assumptions, validation, lineage, and reliability checks.', 'emojis': ['ğŸ§¼', 'ğŸ”', 'ğŸ§ª', 'ğŸ§¾', 'ğŸ§¯', 'ğŸªª']}",data_d_lists.py
emoji_dict,ANALYSIS,dict,"{'label': 'Analysis / Statistics / Reasoning', 'description': 'Measurement, statistical thinking, mathematical rigor, and analytical reasoning.', 'emojis': ['ğŸ§ ', 'ğŸ§®', 'ğŸ“', 'ğŸ“', 'ğŸ²', 'ğŸ””', 'ğŸŒ¡ï¸', 'âš–ï¸']}",data_d_lists.py
emoji_dict,MODEL,dict,"{'label': 'Modeling / Machine Learning', 'description': 'Feature engineering, model construction, training, tuning, and pipelines.', 'emojis': ['ğŸ¤–', 'ğŸ§©', 'ğŸ§±', 'ğŸ—ï¸', 'ğŸ›ï¸', 'ğŸªœ', 'ğŸª', 'ğŸ”„']}",data_d_lists.py
emoji_dict,EVAL,dict,"{'label': 'Evaluation / Performance / Testing', 'description': 'Model assessment, metrics, validation, experimentation, and testing outcomes.', 'emojis': ['ğŸ§ª', 'ğŸ¯', 'ğŸ“‰', 'ğŸ“ˆ', 'ğŸ”']}",data_d_lists.py
emoji_dict,INSIGHT,dict,"{'label': 'Insight / Discovery / Understanding', 'description': 'Pattern discovery, interpretation, understanding, and sense-making.', 'emojis': ['ğŸ’¡', 'ğŸ’­', 'ğŸ¤”', 'ğŸ§', 'ğŸ§­']}",data_d_lists.py
emoji_dict,DECISION,dict,"{'label': 'Decision / Optimization / Strategy', 'description': 'Judgment, trade-offs, prioritization, optimization, and final recommendations.', 'emojis': ['âš–ï¸', 'ğŸ¯', 'ğŸš¦', 'ğŸ', 'ğŸ§ ']}",data_d_lists.py
emoji_dict,ACTION,dict,"{'label': 'Tools / Engineering / Execution', 'description': 'Implementation, engineering work, tooling, and operational execution.', 'emojis': ['ğŸ› ï¸', 'ğŸ”§', 'ğŸ§°', 'âš™ï¸', 'ğŸ—œï¸']}",data_d_lists.py
emoji_dict,TIME,dict,"{'label': 'Time / Change / Drift', 'description': 'Trends over time, decay, refresh cycles, and model or data drift.', 'emojis': ['ğŸ•°ï¸', 'ğŸŒŠ', 'ğŸ“‰', 'ğŸ”„', 'ğŸ§Š']}",data_d_lists.py
emoji_dict,CAUSAL,dict,"{'label': 'Causality / Impact / Inference', 'description': 'Cause-effect reasoning, inference, treatments, and impact assessment.', 'emojis': ['ğŸ”—', 'ğŸ§ª', 'ğŸ¯', 'ğŸ§ ', 'ğŸ§¯']}",data_d_lists.py
emoji_dict,RISK,dict,"{'label': 'Risk / Alerts / Flags', 'description': 'Warnings, failures, blockers, risks, and critical issues.', 'emojis': ['âš ï¸', 'âŒ', 'ğŸš¨', 'ğŸš©', 'ğŸ›‘', 'â—', 'â“', 'â›”']}",data_d_lists.py
emoji_dict,COLLAB,dict,"{'label': 'Collaboration / Communication', 'description': 'Sharing, alignment, discussion, and coordination with others.', 'emojis': ['ğŸ“£', 'ğŸ—£ï¸', 'ğŸ‘¥', 'ğŸ¤', 'ğŸ“¨']}",data_d_lists.py
emoji_dict,ENERGY,dict,"{'label': 'Motivation / Momentum / Wins', 'description': 'Progress celebration, motivation, momentum, and morale.', 'emojis': ['ğŸš€', 'ğŸ”¥', 'ğŸ’¥', 'ğŸ’«', 'ğŸŒŸ', 'ğŸ†', 'ğŸ’', 'ğŸŒ±']}",data_d_lists.py
function_fields,date_created,str,,data_d_lists.py
function_fields,date_last_modified,str,,data_d_lists.py
function_fields,classification,str,,data_d_lists.py
function_fields,sub_classification,str,,data_d_lists.py
function_fields,usage,str,,data_d_lists.py
notes_default,Goal,str,,data_d_lists.py
notes_default,Approach,str,,data_d_lists.py
notes_default,Important to Remember,str,,data_d_lists.py
notes_default,Lessons Learnt,str,,data_d_lists.py
notes_default,Algorithm,str,,data_d_lists.py
notes_default,Function,str,,data_d_lists.py
notes_default,Constraint,str,,data_d_lists.py
notes_default,Procedure,str,,data_d_lists.py
hex_color_list,#808080,str,,data_d_lists.py
hex_color_list,#efc050,str,,data_d_lists.py
hex_color_list,#0000cd,str,,data_d_lists.py
hex_color_list,#060,str,,data_d_lists.py
hex_color_list,#ff4040,str,,data_d_lists.py
hex_color_list,#FFC0CB,str,,data_d_lists.py
hex_color_list,#EEDFCC,str,,data_d_lists.py
hex_color_list,#0ff,str,,data_d_lists.py
hex_color_list,#8a3324,str,,data_d_lists.py
hex_color_list,#6495ed,str,,data_d_lists.py
hex_color_list,#ff7f00,str,,data_d_lists.py
hex_color_list,#8a2be2,str,,data_d_lists.py
hex_color_list,#050505,str,,data_d_lists.py
hex_color_list,#841b2d,str,,data_d_lists.py
hex_color_list,#a4c639,str,,data_d_lists.py
hex_color_list,#cd9575,str,,data_d_lists.py
hex_color_list,#ffbf00,str,,data_d_lists.py
hex_color_list,#c46210,str,,data_d_lists.py
hex_color_list,#E3CF57,str,,data_d_lists.py
hex_color_list,#f4c2c2,str,,data_d_lists.py
hex_color_list,#fae7b5,str,,data_d_lists.py
hex_color_list,#ffe4c4,str,,data_d_lists.py
hex_color_list,#fe6f5e,str,,data_d_lists.py
hex_color_list,#bf4f51,str,,data_d_lists.py
hex_color_list,#a57164,str,,data_d_lists.py
hex_color_list,#ace5ee,str,,data_d_lists.py
hex_color_list,#5d8aa8,str,,data_d_lists.py
hex_color_list,#00308f,str,,data_d_lists.py
hex_color_list,#72a0c1,str,,data_d_lists.py
hex_color_list,#a32638,str,,data_d_lists.py
hex_color_list,#f0f8ff,str,,data_d_lists.py
hex_color_list,#e32636,str,,data_d_lists.py
hex_color_list,#efdecd,str,,data_d_lists.py
hex_color_list,#e52b50,str,,data_d_lists.py
hex_color_list,#ff7e00,str,,data_d_lists.py
hex_color_list,#ff033e,str,,data_d_lists.py
hex_color_list,#96c,str,,data_d_lists.py
hex_color_list,#f2f3f4,str,,data_d_lists.py
hex_color_list,#915c83,str,,data_d_lists.py
hex_color_list,#faebd7,str,,data_d_lists.py
hex_color_list,#008000,str,,data_d_lists.py
hex_color_list,#8db600,str,,data_d_lists.py
hex_color_list,#fbceb1,str,,data_d_lists.py
hex_color_list,#7fffd4,str,,data_d_lists.py
hex_color_list,#4b5320,str,,data_d_lists.py
hex_color_list,#3b444b,str,,data_d_lists.py
hex_color_list,#e9d66b,str,,data_d_lists.py
hex_color_list,#b2beb5,str,,data_d_lists.py
hex_color_list,#87a96b,str,,data_d_lists.py
hex_color_list,#f96,str,,data_d_lists.py
hex_color_list,#a52a2a,str,,data_d_lists.py
hex_color_list,#fdee00,str,,data_d_lists.py
hex_color_list,#6e7f80,str,,data_d_lists.py
hex_color_list,#568203,str,,data_d_lists.py
hex_color_list,#007fff,str,,data_d_lists.py
hex_color_list,#f0ffff,str,,data_d_lists.py
hex_color_list,#89cff0,str,,data_d_lists.py
hex_color_list,#a1caf1,str,,data_d_lists.py
hex_color_list,#21abcd,str,,data_d_lists.py
hex_color_list,#ffe135,str,,data_d_lists.py
hex_color_list,#7c0a02,str,,data_d_lists.py
hex_color_list,#848482,str,,data_d_lists.py
hex_color_list,#98777b,str,,data_d_lists.py
hex_color_list,#bcd4e6,str,,data_d_lists.py
hex_color_list,#9f8170,str,,data_d_lists.py
hex_color_list,#f5f5dc,str,,data_d_lists.py
hex_color_list,#9c2542,str,,data_d_lists.py
hex_color_list,#3d2b1f,str,,data_d_lists.py
hex_color_list,#000,str,,data_d_lists.py
hex_color_list,#3d0c02,str,,data_d_lists.py
hex_color_list,#253529,str,,data_d_lists.py
hex_color_list,#3b3c36,str,,data_d_lists.py
hex_color_list,#ffebcd,str,,data_d_lists.py
hex_color_list,#318ce7,str,,data_d_lists.py
hex_color_list,#faf0be,str,,data_d_lists.py
hex_color_list,#00f,str,,data_d_lists.py
hex_color_list,#a2a2d0,str,,data_d_lists.py
hex_color_list,#1f75fe,str,,data_d_lists.py
hex_color_list,#69c,str,,data_d_lists.py
hex_color_list,#0d98ba,str,,data_d_lists.py
hex_color_list,#0093af,str,,data_d_lists.py
hex_color_list,#0087bd,str,,data_d_lists.py
hex_color_list,#339,str,,data_d_lists.py
hex_color_list,#0247fe,str,,data_d_lists.py
hex_color_list,#126180,str,,data_d_lists.py
hex_color_list,#de5d83,str,,data_d_lists.py
hex_color_list,#79443b,str,,data_d_lists.py
hex_color_list,#0095b6,str,,data_d_lists.py
hex_color_list,#e3dac9,str,,data_d_lists.py
hex_color_list,#c00,str,,data_d_lists.py
hex_color_list,#006a4e,str,,data_d_lists.py
hex_color_list,#873260,str,,data_d_lists.py
hex_color_list,#0070ff,str,,data_d_lists.py
hex_color_list,#b5a642,str,,data_d_lists.py
hex_color_list,#cb4154,str,,data_d_lists.py
hex_color_list,#1dacd6,str,,data_d_lists.py
hex_color_list,#6f0,str,,data_d_lists.py
hex_color_list,#bf94e4,str,,data_d_lists.py
hex_color_list,#c32148,str,,data_d_lists.py
hex_color_list,#ff007f,str,,data_d_lists.py
hex_color_list,#08e8de,str,,data_d_lists.py
hex_color_list,#d19fe8,str,,data_d_lists.py
hex_color_list,#f4bbff,str,,data_d_lists.py
hex_color_list,#ff55a3,str,,data_d_lists.py
hex_color_list,#fb607f,str,,data_d_lists.py
hex_color_list,#004225,str,,data_d_lists.py
hex_color_list,#cd7f32,str,,data_d_lists.py
hex_color_list,#964b00,str,,data_d_lists.py
hex_color_list,#a52a2a,str,,data_d_lists.py
hex_color_list,#ffc1cc,str,,data_d_lists.py
hex_color_list,#e7feff,str,,data_d_lists.py
hex_color_list,#f0dc82,str,,data_d_lists.py
hex_color_list,#480607,str,,data_d_lists.py
hex_color_list,#800020,str,,data_d_lists.py
hex_color_list,#deb887,str,,data_d_lists.py
hex_color_list,#c50,str,,data_d_lists.py
hex_color_list,#e97451,str,,data_d_lists.py
hex_color_list,#808080,str,,data_d_lists.py
hex_color_list,#bd33a4,str,,data_d_lists.py
hex_color_list,#702963,str,,data_d_lists.py
hex_color_list,#536872,str,,data_d_lists.py
hex_color_list,#5f9ea0,str,,data_d_lists.py
hex_color_list,#91a3b0,str,,data_d_lists.py
hex_color_list,#006b3c,str,,data_d_lists.py
hex_color_list,#ed872d,str,,data_d_lists.py
hex_color_list,#e30022,str,,data_d_lists.py
hex_color_list,#fff600,str,,data_d_lists.py
hex_color_list,#a67b5b,str,,data_d_lists.py
hex_color_list,#4b3621,str,,data_d_lists.py
hex_color_list,#1e4d2b,str,,data_d_lists.py
hex_color_list,#a3c1ad,str,,data_d_lists.py
hex_color_list,#c19a6b,str,,data_d_lists.py
hex_color_list,#efbbcc,str,,data_d_lists.py
hex_color_list,#78866b,str,,data_d_lists.py
hex_color_list,#ffef00,str,,data_d_lists.py
hex_color_list,#ff0800,str,,data_d_lists.py
hex_color_list,#e4717a,str,,data_d_lists.py
hex_color_list,#00bfff,str,,data_d_lists.py
hex_color_list,#592720,str,,data_d_lists.py
hex_color_list,#c41e3a,str,,data_d_lists.py
hex_color_list,#0c9,str,,data_d_lists.py
hex_color_list,#960018,str,,data_d_lists.py
hex_color_list,#d70040,str,,data_d_lists.py
hex_color_list,#eb4c42,str,,data_d_lists.py
hex_color_list,#ff0038,str,,data_d_lists.py
hex_color_list,#ffa6c9,str,,data_d_lists.py
hex_color_list,#b31b1b,str,,data_d_lists.py
hex_color_list,#99badd,str,,data_d_lists.py
hex_color_list,#ed9121,str,,data_d_lists.py
hex_color_list,#062a78,str,,data_d_lists.py
hex_color_list,#92a1cf,str,,data_d_lists.py
hex_color_list,#ace1af,str,,data_d_lists.py
hex_color_list,#007ba7,str,,data_d_lists.py
hex_color_list,#2f847c,str,,data_d_lists.py
hex_color_list,#b2ffff,str,,data_d_lists.py
hex_color_list,#4997d0,str,,data_d_lists.py
hex_color_list,#de3163,str,,data_d_lists.py
hex_color_list,#ec3b83,str,,data_d_lists.py
hex_color_list,#007ba7,str,,data_d_lists.py
hex_color_list,#2a52be,str,,data_d_lists.py
hex_color_list,#6d9bc3,str,,data_d_lists.py
hex_color_list,#007aa5,str,,data_d_lists.py
hex_color_list,#e03c31,str,,data_d_lists.py
hex_color_list,#a0785a,str,,data_d_lists.py
hex_color_list,#fad6a5,str,,data_d_lists.py
hex_color_list,#36454f,str,,data_d_lists.py
hex_color_list,#e68fac,str,,data_d_lists.py
hex_color_list,#dfff00,str,,data_d_lists.py
hex_color_list,#7fff00,str,,data_d_lists.py
hex_color_list,#de3163,str,,data_d_lists.py
hex_color_list,#ffb7c5,str,,data_d_lists.py
hex_color_list,#cd5c5c,str,,data_d_lists.py
hex_color_list,#de6fa1,str,,data_d_lists.py
hex_color_list,#a8516e,str,,data_d_lists.py
hex_color_list,#aa381e,str,,data_d_lists.py
hex_color_list,#7b3f00,str,,data_d_lists.py
hex_color_list,#d2691e,str,,data_d_lists.py
hex_color_list,#ffa700,str,,data_d_lists.py
hex_color_list,#98817b,str,,data_d_lists.py
hex_color_list,#e34234,str,,data_d_lists.py
hex_color_list,#d2691e,str,,data_d_lists.py
hex_color_list,#e4d00a,str,,data_d_lists.py
hex_color_list,#fbcce7,str,,data_d_lists.py
hex_color_list,#0047ab,str,,data_d_lists.py
hex_color_list,#d2691e,str,,data_d_lists.py
hex_color_list,#6f4e37,str,,data_d_lists.py
hex_color_list,#9bddff,str,,data_d_lists.py
hex_color_list,#f88379,str,,data_d_lists.py
hex_color_list,#002e63,str,,data_d_lists.py
hex_color_list,#8c92ac,str,,data_d_lists.py
hex_color_list,#b87333,str,,data_d_lists.py
hex_color_list,#da8a67,str,,data_d_lists.py
hex_color_list,#ad6f69,str,,data_d_lists.py
hex_color_list,#cb6d51,str,,data_d_lists.py
hex_color_list,#966,str,,data_d_lists.py
hex_color_list,#ff3800,str,,data_d_lists.py
hex_color_list,#ff7f50,str,,data_d_lists.py
hex_color_list,#f88379,str,,data_d_lists.py
hex_color_list,#808080,str,,data_d_lists.py
hex_color_list,#893f45,str,,data_d_lists.py
hex_color_list,#fbec5d,str,,data_d_lists.py
hex_color_list,#b31b1b,str,,data_d_lists.py
hex_color_list,#fff8dc,str,,data_d_lists.py
hex_color_list,#fff8e7,str,,data_d_lists.py
hex_color_list,#ffbcd9,str,,data_d_lists.py
hex_color_list,#fffdd0,str,,data_d_lists.py
hex_color_list,#dc143c,str,,data_d_lists.py
hex_color_list,#be0032,str,,data_d_lists.py
hex_color_list,#0ff,str,,data_d_lists.py
hex_color_list,#00b7eb,str,,data_d_lists.py
hex_color_list,#ffff31,str,,data_d_lists.py
hex_color_list,#f0e130,str,,data_d_lists.py
hex_color_list,#00008b,str,,data_d_lists.py
hex_color_list,#654321,str,,data_d_lists.py
hex_color_list,#5d3954,str,,data_d_lists.py
hex_color_list,#a40000,str,,data_d_lists.py
hex_color_list,#08457e,str,,data_d_lists.py
hex_color_list,#986960,str,,data_d_lists.py
hex_color_list,#cd5b45,str,,data_d_lists.py
hex_color_list,#008b8b,str,,data_d_lists.py
hex_color_list,#536878,str,,data_d_lists.py
hex_color_list,#b8860b,str,,data_d_lists.py
hex_color_list,#a9a9a9,str,,data_d_lists.py
hex_color_list,#013220,str,,data_d_lists.py
hex_color_list,#00416a,str,,data_d_lists.py
hex_color_list,#1a2421,str,,data_d_lists.py
hex_color_list,#bdb76b,str,,data_d_lists.py
hex_color_list,#483c32,str,,data_d_lists.py
hex_color_list,#734f96,str,,data_d_lists.py
hex_color_list,#8b008b,str,,data_d_lists.py
hex_color_list,#036,str,,data_d_lists.py
hex_color_list,#556b2f,str,,data_d_lists.py
hex_color_list,#ff8c00,str,,data_d_lists.py
hex_color_list,#9932cc,str,,data_d_lists.py
hex_color_list,#779ecb,str,,data_d_lists.py
hex_color_list,#03c03c,str,,data_d_lists.py
hex_color_list,#966fd6,str,,data_d_lists.py
hex_color_list,#c23b22,str,,data_d_lists.py
hex_color_list,#e75480,str,,data_d_lists.py
hex_color_list,#039,str,,data_d_lists.py
hex_color_list,#872657,str,,data_d_lists.py
hex_color_list,#8b0000,str,,data_d_lists.py
hex_color_list,#e9967a,str,,data_d_lists.py
hex_color_list,#560319,str,,data_d_lists.py
hex_color_list,#8fbc8f,str,,data_d_lists.py
hex_color_list,#3c1414,str,,data_d_lists.py
hex_color_list,#483d8b,str,,data_d_lists.py
hex_color_list,#2f4f4f,str,,data_d_lists.py
hex_color_list,#177245,str,,data_d_lists.py
hex_color_list,#918151,str,,data_d_lists.py
hex_color_list,#ffa812,str,,data_d_lists.py
hex_color_list,#483c32,str,,data_d_lists.py
hex_color_list,#cc4e5c,str,,data_d_lists.py
hex_color_list,#00ced1,str,,data_d_lists.py
hex_color_list,#9400d3,str,,data_d_lists.py
hex_color_list,#9b870c,str,,data_d_lists.py
hex_color_list,#00703c,str,,data_d_lists.py
hex_color_list,#555,str,,data_d_lists.py
hex_color_list,#d70a53,str,,data_d_lists.py
hex_color_list,#a9203e,str,,data_d_lists.py
hex_color_list,#ef3038,str,,data_d_lists.py
hex_color_list,#e9692c,str,,data_d_lists.py
hex_color_list,#da3287,str,,data_d_lists.py
hex_color_list,#fad6a5,str,,data_d_lists.py
hex_color_list,#b94e48,str,,data_d_lists.py
hex_color_list,#704241,str,,data_d_lists.py
hex_color_list,#c154c1,str,,data_d_lists.py
hex_color_list,#004b49,str,,data_d_lists.py
hex_color_list,#95b,str,,data_d_lists.py
hex_color_list,#c0c,str,,data_d_lists.py
hex_color_list,#ffcba4,str,,data_d_lists.py
hex_color_list,#ff1493,str,,data_d_lists.py
hex_color_list,#843f5b,str,,data_d_lists.py
hex_color_list,#f93,str,,data_d_lists.py
hex_color_list,#00bfff,str,,data_d_lists.py
hex_color_list,#66424d,str,,data_d_lists.py
hex_color_list,#1560bd,str,,data_d_lists.py
hex_color_list,#c19a6b,str,,data_d_lists.py
hex_color_list,#edc9af,str,,data_d_lists.py
hex_color_list,#696969,str,,data_d_lists.py
hex_color_list,#1e90ff,str,,data_d_lists.py
hex_color_list,#d71868,str,,data_d_lists.py
hex_color_list,#85bb65,str,,data_d_lists.py
hex_color_list,#967117,str,,data_d_lists.py
hex_color_list,#00009c,str,,data_d_lists.py
hex_color_list,#e1a95f,str,,data_d_lists.py
hex_color_list,#555d50,str,,data_d_lists.py
hex_color_list,#c2b280,str,,data_d_lists.py
hex_color_list,#614051,str,,data_d_lists.py
hex_color_list,#f0ead6,str,,data_d_lists.py
hex_color_list,#1cac78,str,,data_d_lists.py
hex_color_list,#1034a6,str,,data_d_lists.py
hex_color_list,#7df9ff,str,,data_d_lists.py
hex_color_list,#ff003f,str,,data_d_lists.py
hex_color_list,#0ff,str,,data_d_lists.py
hex_color_list,#0f0,str,,data_d_lists.py
hex_color_list,#6f00ff,str,,data_d_lists.py
hex_color_list,#f4bbff,str,,data_d_lists.py
hex_color_list,#cf0,str,,data_d_lists.py
hex_color_list,#bf00ff,str,,data_d_lists.py
hex_color_list,#3f00ff,str,,data_d_lists.py
hex_color_list,#8f00ff,str,,data_d_lists.py
hex_color_list,#ff0,str,,data_d_lists.py
hex_color_list,#50c878,str,,data_d_lists.py
hex_color_list,#b48395,str,,data_d_lists.py
hex_color_list,#96c8a2,str,,data_d_lists.py
hex_color_list,#c19a6b,str,,data_d_lists.py
hex_color_list,#801818,str,,data_d_lists.py
hex_color_list,#b53389,str,,data_d_lists.py
hex_color_list,#2c1608,str,,data_d_lists.py
hex_color_list,#00FF00,str,,data_d_lists.py
hex_color_list,#f400a1,str,,data_d_lists.py
hex_color_list,#e5aa70,str,,data_d_lists.py
hex_color_list,#4d5d53,str,,data_d_lists.py
hex_color_list,#4f7942,str,,data_d_lists.py
hex_color_list,#ff2800,str,,data_d_lists.py
hex_color_list,#6c541e,str,,data_d_lists.py
hex_color_list,#ce2029,str,,data_d_lists.py
hex_color_list,#b22222,str,,data_d_lists.py
hex_color_list,#ff0,str,,data_d_lists.py
hex_color_list,#9acd32,str,,data_d_lists.py
hex_color_list,#e25822,str,,data_d_lists.py
hex_color_list,#fc8eac,str,,data_d_lists.py
hex_color_list,#f7e98e,str,,data_d_lists.py
hex_color_list,#eedc82,str,,data_d_lists.py
hex_color_list,#fffaf0,str,,data_d_lists.py
hex_color_list,#ffbf00,str,,data_d_lists.py
hex_color_list,#ff1493,str,,data_d_lists.py
hex_color_list,#cf0,str,,data_d_lists.py
hex_color_list,#efcc00,str,,data_d_lists.py
hex_color_list,#ffd300,str,,data_d_lists.py
hex_color_list,#ff004f,str,,data_d_lists.py
hex_color_list,#014421,str,,data_d_lists.py
hex_color_list,#228b22,str,,data_d_lists.py
hex_color_list,#a67b5b,str,,data_d_lists.py
hex_color_list,#0072bb,str,,data_d_lists.py
hex_color_list,#86608e,str,,data_d_lists.py
hex_color_list,#cf0,str,,data_d_lists.py
hex_color_list,#c72c48,str,,data_d_lists.py
hex_color_list,#009f6b,str,,data_d_lists.py
hex_color_list,#00a550,str,,data_d_lists.py
hex_color_list,#f64a8a,str,,data_d_lists.py
hex_color_list,#f0f,str,,data_d_lists.py
hex_color_list,#c154c1,str,,data_d_lists.py
hex_color_list,#f7f,str,,data_d_lists.py
hex_color_list,#c74375,str,,data_d_lists.py
hex_color_list,#e48400,str,,data_d_lists.py
hex_color_list,#c66,str,,data_d_lists.py
hex_color_list,#fefe33,str,,data_d_lists.py
hex_color_list,#0014a8,str,,data_d_lists.py
hex_color_list,#66b032,str,,data_d_lists.py
hex_color_list,#adff2f,str,,data_d_lists.py
hex_color_list,#dcdcdc,str,,data_d_lists.py
hex_color_list,#e49b0f,str,,data_d_lists.py
hex_color_list,#f8f8ff,str,,data_d_lists.py
hex_color_list,#b06500,str,,data_d_lists.py
hex_color_list,#6082b6,str,,data_d_lists.py
hex_color_list,#e6e8fa,str,,data_d_lists.py
hex_color_list,#d4af37,str,,data_d_lists.py
hex_color_list,#ffd700,str,,data_d_lists.py
hex_color_list,#bebebe,str,,data_d_lists.py
hex_color_list,#0f0,str,,data_d_lists.py
hex_color_list,#a99a86,str,,data_d_lists.py
hex_color_list,#00ff7f,str,,data_d_lists.py
hex_color_list,#663854,str,,data_d_lists.py
hex_color_list,#446ccf,str,,data_d_lists.py
hex_color_list,#5218fa,str,,data_d_lists.py
hex_color_list,#e9d66b,str,,data_d_lists.py
hex_color_list,#3fff00,str,,data_d_lists.py
hex_color_list,#c90016,str,,data_d_lists.py
hex_color_list,#008000,str,,data_d_lists.py
hex_color_list,#00a877,str,,data_d_lists.py
hex_color_list,#da9100,str,,data_d_lists.py
hex_color_list,#808000,str,,data_d_lists.py
hex_color_list,#df73ff,str,,data_d_lists.py
hex_color_list,#f400a1,str,,data_d_lists.py
hex_color_list,#f0fff0,str,,data_d_lists.py
hex_color_list,#007fbf,str,,data_d_lists.py
hex_color_list,#49796b,str,,data_d_lists.py
hex_color_list,#ff1dce,str,,data_d_lists.py
hex_color_list,#ff69b4,str,,data_d_lists.py
hex_color_list,#355e3b,str,,data_d_lists.py
hex_color_list,#71a6d2,str,,data_d_lists.py
hex_color_list,#fcf75e,str,,data_d_lists.py
hex_color_list,#002395,str,,data_d_lists.py
hex_color_list,#b2ec5d,str,,data_d_lists.py
hex_color_list,#138808,str,,data_d_lists.py
hex_color_list,#cd5c5c,str,,data_d_lists.py
hex_color_list,#e3a857,str,,data_d_lists.py
hex_color_list,#6f00ff,str,,data_d_lists.py
hex_color_list,#00416a,str,,data_d_lists.py
hex_color_list,#4b0082,str,,data_d_lists.py
hex_color_list,#002fa7,str,,data_d_lists.py
hex_color_list,#ff4f00,str,,data_d_lists.py
hex_color_list,#ba160c,str,,data_d_lists.py
hex_color_list,#c0362c,str,,data_d_lists.py
hex_color_list,#5a4fcf,str,,data_d_lists.py
hex_color_list,#a8e4a0,str,,data_d_lists.py
hex_color_list,#465945,str,,data_d_lists.py
hex_color_list,#f4f0ec,str,,data_d_lists.py
hex_color_list,#009000,str,,data_d_lists.py
hex_color_list,#fffff0,str,,data_d_lists.py
hex_color_list,#00a86b,str,,data_d_lists.py
hex_color_list,#f8de7e,str,,data_d_lists.py
hex_color_list,#d73b3e,str,,data_d_lists.py
hex_color_list,#a50b5e,str,,data_d_lists.py
hex_color_list,#343434,str,,data_d_lists.py
hex_color_list,#ffdf00,str,,data_d_lists.py
hex_color_list,#daa520,str,,data_d_lists.py
hex_color_list,#fada5e,str,,data_d_lists.py
hex_color_list,#bdda57,str,,data_d_lists.py
hex_color_list,#29ab87,str,,data_d_lists.py
hex_color_list,#4cbb17,str,,data_d_lists.py
hex_color_list,#7c1c05,str,,data_d_lists.py
hex_color_list,#c3b091,str,,data_d_lists.py
hex_color_list,#f0e68c,str,,data_d_lists.py
hex_color_list,#e8000d,str,,data_d_lists.py
hex_color_list,#996515,str,,data_d_lists.py
hex_color_list,#fcc200,str,,data_d_lists.py
hex_color_list,#b57edc,str,,data_d_lists.py
hex_color_list,#c4c3d0,str,,data_d_lists.py
hex_color_list,#9457eb,str,,data_d_lists.py
hex_color_list,#ee82ee,str,,data_d_lists.py
hex_color_list,#e6e6fa,str,,data_d_lists.py
hex_color_list,#fbaed2,str,,data_d_lists.py
hex_color_list,#967bb6,str,,data_d_lists.py
hex_color_list,#fba0e3,str,,data_d_lists.py
hex_color_list,#ccf,str,,data_d_lists.py
hex_color_list,#fff0f5,str,,data_d_lists.py
hex_color_list,#e6e6fa,str,,data_d_lists.py
hex_color_list,#7cfc00,str,,data_d_lists.py
hex_color_list,#fff700,str,,data_d_lists.py
hex_color_list,#fffacd,str,,data_d_lists.py
hex_color_list,#e3ff00,str,,data_d_lists.py
hex_color_list,#1a1110,str,,data_d_lists.py
hex_color_list,#fdd5b1,str,,data_d_lists.py
hex_color_list,#add8e6,str,,data_d_lists.py
hex_color_list,#a9ba9d,str,,data_d_lists.py
hex_color_list,#cf1020,str,,data_d_lists.py
hex_color_list,#b5651d,str,,data_d_lists.py
hex_color_list,#e66771,str,,data_d_lists.py
hex_color_list,#f08080,str,,data_d_lists.py
hex_color_list,#93ccea,str,,data_d_lists.py
hex_color_list,#f56991,str,,data_d_lists.py
hex_color_list,#e0ffff,str,,data_d_lists.py
hex_color_list,#f984ef,str,,data_d_lists.py
hex_color_list,#fafad2,str,,data_d_lists.py
hex_color_list,#26619c,str,,data_d_lists.py
hex_color_list,#fefe22,str,,data_d_lists.py
hex_color_list,#d3d3d3,str,,data_d_lists.py
hex_color_list,#90ee90,str,,data_d_lists.py
hex_color_list,#f0e68c,str,,data_d_lists.py
hex_color_list,#b19cd9,str,,data_d_lists.py
hex_color_list,#ffb6c1,str,,data_d_lists.py
hex_color_list,#e97451,str,,data_d_lists.py
hex_color_list,#ffa07a,str,,data_d_lists.py
hex_color_list,#f99,str,,data_d_lists.py
hex_color_list,#087830,str,,data_d_lists.py
hex_color_list,#d6cadd,str,,data_d_lists.py
hex_color_list,#20b2aa,str,,data_d_lists.py
hex_color_list,#87cefa,str,,data_d_lists.py
hex_color_list,#789,str,,data_d_lists.py
hex_color_list,#b38b6d,str,,data_d_lists.py
hex_color_list,#e68fac,str,,data_d_lists.py
hex_color_list,#ffffe0,str,,data_d_lists.py
hex_color_list,#c8a2c8,str,,data_d_lists.py
hex_color_list,#bfff00,str,,data_d_lists.py
hex_color_list,#BFD0CA,str,,data_d_lists.py
hex_color_list,#32cd32,str,,data_d_lists.py
hex_color_list,#0f0,str,,data_d_lists.py
hex_color_list,#9dc209,str,,data_d_lists.py
hex_color_list,#195905,str,,data_d_lists.py
hex_color_list,#faf0e6,str,,data_d_lists.py
hex_color_list,#c19a6b,str,,data_d_lists.py
hex_color_list,#6ca0dc,str,,data_d_lists.py
hex_color_list,#534b4f,str,,data_d_lists.py
hex_color_list,#e62020,str,,data_d_lists.py
hex_color_list,#f0f,str,,data_d_lists.py
hex_color_list,#ca1f7b,str,,data_d_lists.py
hex_color_list,#ff0090,str,,data_d_lists.py
hex_color_list,#aaf0d1,str,,data_d_lists.py
hex_color_list,#f8f4ff,str,,data_d_lists.py
hex_color_list,#c04000,str,,data_d_lists.py
hex_color_list,#fbec5d,str,,data_d_lists.py
hex_color_list,#6050dc,str,,data_d_lists.py
hex_color_list,#0bda51,str,,data_d_lists.py
hex_color_list,#979aaa,str,,data_d_lists.py
hex_color_list,#ff8243,str,,data_d_lists.py
hex_color_list,#74c365,str,,data_d_lists.py
hex_color_list,#880085,str,,data_d_lists.py
hex_color_list,#c32148,str,,data_d_lists.py
hex_color_list,#800000,str,,data_d_lists.py
hex_color_list,#b03060,str,,data_d_lists.py
hex_color_list,#e0b0ff,str,,data_d_lists.py
hex_color_list,#915f6d,str,,data_d_lists.py
hex_color_list,#ef98aa,str,,data_d_lists.py
hex_color_list,#73c2fb,str,,data_d_lists.py
hex_color_list,#e5b73b,str,,data_d_lists.py
hex_color_list,#6da,str,,data_d_lists.py
hex_color_list,#e2062c,str,,data_d_lists.py
hex_color_list,#af4035,str,,data_d_lists.py
hex_color_list,#f3e5ab,str,,data_d_lists.py
hex_color_list,#035096,str,,data_d_lists.py
hex_color_list,#1c352d,str,,data_d_lists.py
hex_color_list,#dda0dd,str,,data_d_lists.py
hex_color_list,#ba55d3,str,,data_d_lists.py
hex_color_list,#0067a5,str,,data_d_lists.py
hex_color_list,#9370db,str,,data_d_lists.py
hex_color_list,#bb3385,str,,data_d_lists.py
hex_color_list,#aa4069,str,,data_d_lists.py
hex_color_list,#3cb371,str,,data_d_lists.py
hex_color_list,#7b68ee,str,,data_d_lists.py
hex_color_list,#c9dc87,str,,data_d_lists.py
hex_color_list,#00fa9a,str,,data_d_lists.py
hex_color_list,#674c47,str,,data_d_lists.py
hex_color_list,#48d1cc,str,,data_d_lists.py
hex_color_list,#79443b,str,,data_d_lists.py
hex_color_list,#d9603b,str,,data_d_lists.py
hex_color_list,#c71585,str,,data_d_lists.py
hex_color_list,#f8b878,str,,data_d_lists.py
hex_color_list,#f8de7e,str,,data_d_lists.py
hex_color_list,#fdbcb4,str,,data_d_lists.py
hex_color_list,#191970,str,,data_d_lists.py
hex_color_list,#004953,str,,data_d_lists.py
hex_color_list,#ffc40c,str,,data_d_lists.py
hex_color_list,#3eb489,str,,data_d_lists.py
hex_color_list,#f5fffa,str,,data_d_lists.py
hex_color_list,#98ff98,str,,data_d_lists.py
hex_color_list,#ffe4e1,str,,data_d_lists.py
hex_color_list,#faebd7,str,,data_d_lists.py
hex_color_list,#967117,str,,data_d_lists.py
hex_color_list,#73a9c2,str,,data_d_lists.py
hex_color_list,#ae0c00,str,,data_d_lists.py
hex_color_list,#addfad,str,,data_d_lists.py
hex_color_list,#30ba8f,str,,data_d_lists.py
hex_color_list,#997a8d,str,,data_d_lists.py
hex_color_list,#18453b,str,,data_d_lists.py
hex_color_list,#c54b8c,str,,data_d_lists.py
hex_color_list,#ffdb58,str,,data_d_lists.py
hex_color_list,#21421e,str,,data_d_lists.py
hex_color_list,#f6adc6,str,,data_d_lists.py
hex_color_list,#2a8000,str,,data_d_lists.py
hex_color_list,#fada5e,str,,data_d_lists.py
hex_color_list,#ffdead,str,,data_d_lists.py
hex_color_list,#000080,str,,data_d_lists.py
hex_color_list,#ffa343,str,,data_d_lists.py
hex_color_list,#fe4164,str,,data_d_lists.py
hex_color_list,#39ff14,str,,data_d_lists.py
hex_color_list,#d7837f,str,,data_d_lists.py
hex_color_list,#a4dded,str,,data_d_lists.py
hex_color_list,#059033,str,,data_d_lists.py
hex_color_list,#0077be,str,,data_d_lists.py
hex_color_list,#c72,str,,data_d_lists.py
hex_color_list,#008000,str,,data_d_lists.py
hex_color_list,#cfb53b,str,,data_d_lists.py
hex_color_list,#fdf5e6,str,,data_d_lists.py
hex_color_list,#796878,str,,data_d_lists.py
hex_color_list,#673147,str,,data_d_lists.py
hex_color_list,#c08081,str,,data_d_lists.py
hex_color_list,#808000,str,,data_d_lists.py
hex_color_list,#3c341f,str,,data_d_lists.py
hex_color_list,#6b8e23,str,,data_d_lists.py
hex_color_list,#9ab973,str,,data_d_lists.py
hex_color_list,#353839,str,,data_d_lists.py
hex_color_list,#b784a7,str,,data_d_lists.py
hex_color_list,#A5B2B5,str,,data_d_lists.py
hex_color_list,#ff9f00,str,,data_d_lists.py
hex_color_list,#ff4500,str,,data_d_lists.py
hex_color_list,#fb9902,str,,data_d_lists.py
hex_color_list,#ffa500,str,,data_d_lists.py
hex_color_list,#da70d6,str,,data_d_lists.py
hex_color_list,#654321,str,,data_d_lists.py
hex_color_list,#900,str,,data_d_lists.py
hex_color_list,#414a4c,str,,data_d_lists.py
hex_color_list,#ffae42,str,,data_d_lists.py
hex_color_list,#ffef00,str,,data_d_lists.py
hex_color_list,#ff6e4a,str,,data_d_lists.py
hex_color_list,#002147,str,,data_d_lists.py
hex_color_list,#273be2,str,,data_d_lists.py
hex_color_list,#682860,str,,data_d_lists.py
hex_color_list,#bcd4e6,str,,data_d_lists.py
hex_color_list,#afeeee,str,,data_d_lists.py
hex_color_list,#987654,str,,data_d_lists.py
hex_color_list,#af4035,str,,data_d_lists.py
hex_color_list,#9bc4e2,str,,data_d_lists.py
hex_color_list,#ddadaf,str,,data_d_lists.py
hex_color_list,#da8a67,str,,data_d_lists.py
hex_color_list,#abcdef,str,,data_d_lists.py
hex_color_list,#e6be8a,str,,data_d_lists.py
hex_color_list,#eee8aa,str,,data_d_lists.py
hex_color_list,#98fb98,str,,data_d_lists.py
hex_color_list,#dcd0ff,str,,data_d_lists.py
hex_color_list,#f984e5,str,,data_d_lists.py
hex_color_list,#fadadd,str,,data_d_lists.py
hex_color_list,#dda0dd,str,,data_d_lists.py
hex_color_list,#db7093,str,,data_d_lists.py
hex_color_list,#96ded1,str,,data_d_lists.py
hex_color_list,#c9c0bb,str,,data_d_lists.py
hex_color_list,#ecebbd,str,,data_d_lists.py
hex_color_list,#bc987e,str,,data_d_lists.py
hex_color_list,#db7093,str,,data_d_lists.py
hex_color_list,#78184a,str,,data_d_lists.py
hex_color_list,#ffefd5,str,,data_d_lists.py
hex_color_list,#50c878,str,,data_d_lists.py
hex_color_list,#aec6cf,str,,data_d_lists.py
hex_color_list,#836953,str,,data_d_lists.py
hex_color_list,#cfcfc4,str,,data_d_lists.py
hex_color_list,#7d7,str,,data_d_lists.py
hex_color_list,#f49ac2,str,,data_d_lists.py
hex_color_list,#ffb347,str,,data_d_lists.py
hex_color_list,#dea5a4,str,,data_d_lists.py
hex_color_list,#b39eb5,str,,data_d_lists.py
hex_color_list,#ff6961,str,,data_d_lists.py
hex_color_list,#cb99c9,str,,data_d_lists.py
hex_color_list,#fdfd96,str,,data_d_lists.py
hex_color_list,#800080,str,,data_d_lists.py
hex_color_list,#536878,str,,data_d_lists.py
hex_color_list,#ffe5b4,str,,data_d_lists.py
hex_color_list,#ffcba4,str,,data_d_lists.py
hex_color_list,#fc9,str,,data_d_lists.py
hex_color_list,#ffdab9,str,,data_d_lists.py
hex_color_list,#fadfad,str,,data_d_lists.py
hex_color_list,#d1e231,str,,data_d_lists.py
hex_color_list,#eae0c8,str,,data_d_lists.py
hex_color_list,#88d8c0,str,,data_d_lists.py
hex_color_list,#b768a2,str,,data_d_lists.py
hex_color_list,#e6e200,str,,data_d_lists.py
hex_color_list,#ccf,str,,data_d_lists.py
hex_color_list,#1c39bb,str,,data_d_lists.py
hex_color_list,#00a693,str,,data_d_lists.py
hex_color_list,#32127a,str,,data_d_lists.py
hex_color_list,#d99058,str,,data_d_lists.py
hex_color_list,#f77fbe,str,,data_d_lists.py
hex_color_list,#701c1c,str,,data_d_lists.py
hex_color_list,#c33,str,,data_d_lists.py
hex_color_list,#fe28a2,str,,data_d_lists.py
hex_color_list,#ec5800,str,,data_d_lists.py
hex_color_list,#cd853f,str,,data_d_lists.py
hex_color_list,#df00ff,str,,data_d_lists.py
hex_color_list,#000f89,str,,data_d_lists.py
hex_color_list,#123524,str,,data_d_lists.py
hex_color_list,#fddde6,str,,data_d_lists.py
hex_color_list,#01796f,str,,data_d_lists.py
hex_color_list,#ffddf4,str,,data_d_lists.py
hex_color_list,#f96,str,,data_d_lists.py
hex_color_list,#e7accf,str,,data_d_lists.py
hex_color_list,#f78fa7,str,,data_d_lists.py
hex_color_list,#93c572,str,,data_d_lists.py
hex_color_list,#e5e4e2,str,,data_d_lists.py
hex_color_list,#8e4585,str,,data_d_lists.py
hex_color_list,#dda0dd,str,,data_d_lists.py
hex_color_list,#ff5a36,str,,data_d_lists.py
hex_color_list,#b0e0e6,str,,data_d_lists.py
hex_color_list,#ff8f00,str,,data_d_lists.py
hex_color_list,#701c1c,str,,data_d_lists.py
hex_color_list,#003153,str,,data_d_lists.py
hex_color_list,#df00ff,str,,data_d_lists.py
hex_color_list,#c89,str,,data_d_lists.py
hex_color_list,#ff7518,str,,data_d_lists.py
hex_color_list,#69359c,str,,data_d_lists.py
hex_color_list,#800080,str,,data_d_lists.py
hex_color_list,#9678b6,str,,data_d_lists.py
hex_color_list,#9f00c5,str,,data_d_lists.py
hex_color_list,#fe4eda,str,,data_d_lists.py
hex_color_list,#50404d,str,,data_d_lists.py
hex_color_list,#a020f0,str,,data_d_lists.py
hex_color_list,#51484f,str,,data_d_lists.py
hex_color_list,#5d8aa8,str,,data_d_lists.py
hex_color_list,#ff355e,str,,data_d_lists.py
hex_color_list,#fbab60,str,,data_d_lists.py
hex_color_list,#e30b5d,str,,data_d_lists.py
hex_color_list,#915f6d,str,,data_d_lists.py
hex_color_list,#e25098,str,,data_d_lists.py
hex_color_list,#b3446c,str,,data_d_lists.py
hex_color_list,#826644,str,,data_d_lists.py
hex_color_list,#f3c,str,,data_d_lists.py
hex_color_list,#e3256b,str,,data_d_lists.py
hex_color_list,#f00,str,,data_d_lists.py
hex_color_list,#a52a2a,str,,data_d_lists.py
hex_color_list,#860111,str,,data_d_lists.py
hex_color_list,#f2003c,str,,data_d_lists.py
hex_color_list,#c40233,str,,data_d_lists.py
hex_color_list,#ff5349,str,,data_d_lists.py
hex_color_list,#ed1c24,str,,data_d_lists.py
hex_color_list,#fe2712,str,,data_d_lists.py
hex_color_list,#c71585,str,,data_d_lists.py
hex_color_list,#ab4e52,str,,data_d_lists.py
hex_color_list,#522d80,str,,data_d_lists.py
hex_color_list,#002387,str,,data_d_lists.py
hex_color_list,#004040,str,,data_d_lists.py
hex_color_list,#f1a7fe,str,,data_d_lists.py
hex_color_list,#d70040,str,,data_d_lists.py
hex_color_list,#0892d0,str,,data_d_lists.py
hex_color_list,#a76bcf,str,,data_d_lists.py
hex_color_list,#b666d2,str,,data_d_lists.py
hex_color_list,#b03060,str,,data_d_lists.py
hex_color_list,#414833,str,,data_d_lists.py
hex_color_list,#0cc,str,,data_d_lists.py
hex_color_list,#ff007f,str,,data_d_lists.py
hex_color_list,#f9429e,str,,data_d_lists.py
hex_color_list,#674846,str,,data_d_lists.py
hex_color_list,#b76e79,str,,data_d_lists.py
hex_color_list,#e32636,str,,data_d_lists.py
hex_color_list,#f6c,str,,data_d_lists.py
hex_color_list,#aa98a9,str,,data_d_lists.py
hex_color_list,#905d5d,str,,data_d_lists.py
hex_color_list,#ab4e52,str,,data_d_lists.py
hex_color_list,#65000b,str,,data_d_lists.py
hex_color_list,#d40000,str,,data_d_lists.py
hex_color_list,#bc8f8f,str,,data_d_lists.py
hex_color_list,#0038a8,str,,data_d_lists.py
hex_color_list,#002366,str,,data_d_lists.py
hex_color_list,#4169e1,str,,data_d_lists.py
hex_color_list,#ca2c92,str,,data_d_lists.py
hex_color_list,#7851a9,str,,data_d_lists.py
hex_color_list,#fada5e,str,,data_d_lists.py
hex_color_list,#d10056,str,,data_d_lists.py
hex_color_list,#e0115f,str,,data_d_lists.py
hex_color_list,#9b111e,str,,data_d_lists.py
hex_color_list,#ff0028,str,,data_d_lists.py
hex_color_list,#bb6528,str,,data_d_lists.py
hex_color_list,#e18e96,str,,data_d_lists.py
hex_color_list,#a81c07,str,,data_d_lists.py
hex_color_list,#80461b,str,,data_d_lists.py
hex_color_list,#b7410e,str,,data_d_lists.py
hex_color_list,#da2c43,str,,data_d_lists.py
hex_color_list,#00563f,str,,data_d_lists.py
hex_color_list,#8b4513,str,,data_d_lists.py
hex_color_list,#ff6700,str,,data_d_lists.py
hex_color_list,#f4c430,str,,data_d_lists.py
hex_color_list,#F535AA,str,,data_d_lists.py
hex_color_list,#808000,str,,data_d_lists.py
hex_color_list,#ff8c69,str,,data_d_lists.py
hex_color_list,#ff91a4,str,,data_d_lists.py
hex_color_list,#c2b280,str,,data_d_lists.py
hex_color_list,#967117,str,,data_d_lists.py
hex_color_list,#ecd540,str,,data_d_lists.py
hex_color_list,#f4a460,str,,data_d_lists.py
hex_color_list,#967117,str,,data_d_lists.py
hex_color_list,#92000a,str,,data_d_lists.py
hex_color_list,#507d2a,str,,data_d_lists.py
hex_color_list,#0f52ba,str,,data_d_lists.py
hex_color_list,#0067a5,str,,data_d_lists.py
hex_color_list,#cba135,str,,data_d_lists.py
hex_color_list,#ff2400,str,,data_d_lists.py
hex_color_list,#fd0e35,str,,data_d_lists.py
hex_color_list,#ffd800,str,,data_d_lists.py
hex_color_list,#76ff7a,str,,data_d_lists.py
hex_color_list,#9D00FF,str,,data_d_lists.py
hex_color_list,#8E7618,str,,data_d_lists.py
hex_color_list,#006994,str,,data_d_lists.py
hex_color_list,#2e8b57,str,,data_d_lists.py
hex_color_list,#321414,str,,data_d_lists.py
hex_color_list,#fff5ee,str,,data_d_lists.py
hex_color_list,#ffba00,str,,data_d_lists.py
hex_color_list,#704214,str,,data_d_lists.py
hex_color_list,#8a795d,str,,data_d_lists.py
hex_color_list,#009e60,str,,data_d_lists.py
hex_color_list,#fc0fc0,str,,data_d_lists.py
hex_color_list,#ff6fff,str,,data_d_lists.py
hex_color_list,#882d17,str,,data_d_lists.py
hex_color_list,#c0c0c0,str,,data_d_lists.py
hex_color_list,#cb410b,str,,data_d_lists.py
hex_color_list,#007474,str,,data_d_lists.py
hex_color_list,#87ceeb,str,,data_d_lists.py
hex_color_list,#cf71af,str,,data_d_lists.py
hex_color_list,#6a5acd,str,,data_d_lists.py
hex_color_list,#708090,str,,data_d_lists.py
hex_color_list,#039,str,,data_d_lists.py
hex_color_list,#933d41,str,,data_d_lists.py
hex_color_list,#100c08,str,,data_d_lists.py
hex_color_list,#fffafa,str,,data_d_lists.py
hex_color_list,#0fc0fc,str,,data_d_lists.py
hex_color_list,#a7fc00,str,,data_d_lists.py
hex_color_list,#00ff7f,str,,data_d_lists.py
hex_color_list,#23297a,str,,data_d_lists.py
hex_color_list,#4682b4,str,,data_d_lists.py
hex_color_list,#fada5e,str,,data_d_lists.py
hex_color_list,#900,str,,data_d_lists.py
hex_color_list,#4f666a,str,,data_d_lists.py
hex_color_list,#e4d96f,str,,data_d_lists.py
hex_color_list,#fc3,str,,data_d_lists.py
hex_color_list,#fad6a5,str,,data_d_lists.py
hex_color_list,#d2b48c,str,,data_d_lists.py
hex_color_list,#f94d00,str,,data_d_lists.py
hex_color_list,#f28500,str,,data_d_lists.py
hex_color_list,#fc0,str,,data_d_lists.py
hex_color_list,#e4717a,str,,data_d_lists.py
hex_color_list,#483c32,str,,data_d_lists.py
hex_color_list,#8b8589,str,,data_d_lists.py
hex_color_list,#d0f0c0,str,,data_d_lists.py
hex_color_list,#f88379,str,,data_d_lists.py
hex_color_list,#f4c2c2,str,,data_d_lists.py
hex_color_list,#008080,str,,data_d_lists.py
hex_color_list,#367588,str,,data_d_lists.py
hex_color_list,#00827f,str,,data_d_lists.py
hex_color_list,#cf3476,str,,data_d_lists.py
hex_color_list,#cd5700,str,,data_d_lists.py
hex_color_list,#e2725b,str,,data_d_lists.py
hex_color_list,#d8bfd8,str,,data_d_lists.py
hex_color_list,#de6fa1,str,,data_d_lists.py
hex_color_list,#fc89ac,str,,data_d_lists.py
hex_color_list,#0abab5,str,,data_d_lists.py
hex_color_list,#e08d3c,str,,data_d_lists.py
hex_color_list,#dbd7d2,str,,data_d_lists.py
hex_color_list,#eee600,str,,data_d_lists.py
hex_color_list,#ff6347,str,,data_d_lists.py
hex_color_list,#746cc0,str,,data_d_lists.py
hex_color_list,#ffc87c,str,,data_d_lists.py
hex_color_list,#fd0e35,str,,data_d_lists.py
hex_color_list,#00755e,str,,data_d_lists.py
hex_color_list,#0073cf,str,,data_d_lists.py
hex_color_list,#417dc1,str,,data_d_lists.py
hex_color_list,#deaa88,str,,data_d_lists.py
hex_color_list,#b57281,str,,data_d_lists.py
hex_color_list,#30d5c8,str,,data_d_lists.py
hex_color_list,#00ffef,str,,data_d_lists.py
hex_color_list,#a0d6b4,str,,data_d_lists.py
hex_color_list,#7c4848,str,,data_d_lists.py
hex_color_list,#8a496b,str,,data_d_lists.py
hex_color_list,#66023c,str,,data_d_lists.py
hex_color_list,#03a,str,,data_d_lists.py
hex_color_list,#d9004c,str,,data_d_lists.py
hex_color_list,#8878c3,str,,data_d_lists.py
hex_color_list,#536895,str,,data_d_lists.py
hex_color_list,#ffb300,str,,data_d_lists.py
hex_color_list,#3cd070,str,,data_d_lists.py
hex_color_list,#ff6fff,str,,data_d_lists.py
hex_color_list,#120a8f,str,,data_d_lists.py
hex_color_list,#4166f5,str,,data_d_lists.py
hex_color_list,#635147,str,,data_d_lists.py
hex_color_list,#ffddca,str,,data_d_lists.py
hex_color_list,#5b92e5,str,,data_d_lists.py
hex_color_list,#b78727,str,,data_d_lists.py
hex_color_list,#ff6,str,,data_d_lists.py
hex_color_list,#014421,str,,data_d_lists.py
hex_color_list,#7b1113,str,,data_d_lists.py
hex_color_list,#ae2029,str,,data_d_lists.py
hex_color_list,#e1ad21,str,,data_d_lists.py
hex_color_list,#004f98,str,,data_d_lists.py
hex_color_list,#900,str,,data_d_lists.py
hex_color_list,#fc0,str,,data_d_lists.py
hex_color_list,#d3003f,str,,data_d_lists.py
hex_color_list,#f3e5ab,str,,data_d_lists.py
hex_color_list,#c5b358,str,,data_d_lists.py
hex_color_list,#c80815,str,,data_d_lists.py
hex_color_list,#43b3ae,str,,data_d_lists.py
hex_color_list,#e34234,str,,data_d_lists.py
hex_color_list,#d9603b,str,,data_d_lists.py
hex_color_list,#a020f0,str,,data_d_lists.py
hex_color_list,#8f00ff,str,,data_d_lists.py
hex_color_list,#324ab2,str,,data_d_lists.py
hex_color_list,#7f00ff,str,,data_d_lists.py
hex_color_list,#8601af,str,,data_d_lists.py
hex_color_list,#ee82ee,str,,data_d_lists.py
hex_color_list,#40826d,str,,data_d_lists.py
hex_color_list,#922724,str,,data_d_lists.py
hex_color_list,#9f1d35,str,,data_d_lists.py
hex_color_list,#da1d81,str,,data_d_lists.py
hex_color_list,#ffa089,str,,data_d_lists.py
hex_color_list,#9f00ff,str,,data_d_lists.py
hex_color_list,#004242,str,,data_d_lists.py
hex_color_list,#a4f4f9,str,,data_d_lists.py
hex_color_list,#645452,str,,data_d_lists.py
hex_color_list,#f5deb3,str,,data_d_lists.py
hex_color_list,#fff,str,,data_d_lists.py
hex_color_list,#f5f5f5,str,,data_d_lists.py
hex_color_list,#a2add0,str,,data_d_lists.py
hex_color_list,#9BCD9B,str,,data_d_lists.py
hex_color_list,#ff43a4,str,,data_d_lists.py
hex_color_list,#fc6c85,str,,data_d_lists.py
hex_color_list,#722f37,str,,data_d_lists.py
hex_color_list,#673147,str,,data_d_lists.py
hex_color_list,#c9a0dc,str,,data_d_lists.py
hex_color_list,#c19a6b,str,,data_d_lists.py
hex_color_list,#738678,str,,data_d_lists.py
hex_color_list,#0f4d92,str,,data_d_lists.py
